{"version":2,"hash":{"type":"Buffer","data":"I4kdAN9kq5Xn37u5ata4zxr4wWkwqCYFhSJmeaVGSfo4E8Gt2J2S4AcAqWxNkyIDtcEg01fx0MQs+CXrEGILU45c8CXc7JR5NPG/SLoSAq+bvf0hsCBwbCy1BQjjWn20wKNCGkA/kxA5vGRpz2aMPGHom6YF9FL6ccAWsXrksLA="},"indexValueMap":{"SSWtGDVqLXrKd7zM09/WsAkBGruIvULeO5o5zl84E9M=":{"valueMac":{"type":"Buffer","data":"Oo0Piax9Kg1Vv+wmwBVmen7oCGuH6KxhR7QRA6BIOU8="}},"fTuatgU9OYCtCsLl905mcZPUIhmGipV3j0iyeiaXBBc=":{"valueMac":{"type":"Buffer","data":"4ug5FV8ZruFyvpC6UKMwhXYJbKdA/AO1tbMKdWBEUZs="}},"9q5btyPBRihuccSzQFaCes4KszOdEZZ7p8uIFcvHWv0=":{"valueMac":{"type":"Buffer","data":"a6xFyC5phDF5+SH8Ag5e2TlucgNyVFbkiQxHDmzQ6pY="}},"p37AKcQV5pC686te655q5ItadsXLGG8s5T1PFvc1Kik=":{"valueMac":{"type":"Buffer","data":"hxOcoAQmAWoWKg8XTiAXLsMsXtlGYrdSZnufAQfu/rQ="}},"WQbbL/C9FDg4YG1hcQDxBItwlGyp+ZbRkV7q19tSNwQ=":{"valueMac":{"type":"Buffer","data":"1TAU4AZ03iV18LMxegV/eb7/szyGMbxGz0f6xF39m/4="}},"s1qQ/XcXpws785OpQ2l/f5nbQmTIlKo2PGhjdlWiOvo=":{"valueMac":{"type":"Buffer","data":"l14bLKGx9viOS8SyW9J0kedF7t4e48IeCgjMlFvnRx4="}}}}