{"noiseKey":{"private":{"type":"Buffer","data":"KCNoKnF5wpnsdXxddQSui71LnthjKnrkfZICwPFqgmI="},"public":{"type":"Buffer","data":"s/r5sap5sDmE6h+UiAkQ5sc+swLumm/LfFhNysHsS3k="}},"signedIdentityKey":{"private":{"type":"Buffer","data":"wHlcBAgp+Y8MrX0+f4wH1j3bACu9E51TUBN1iGuLWVU="},"public":{"type":"Buffer","data":"8o5BTBNiUByDaBURejOeZnejvoQLNE2VZ4sMnuiawkg="}},"signedPreKey":{"keyPair":{"private":{"type":"Buffer","data":"2Gs03RCP8iWeRvyCHzRSmmaYXOLWRNOgYsL3WQYCz1c="},"public":{"type":"Buffer","data":"lJ1bih/NXnmgbRiSB/7Mum/DtBGmTlDwN96lueTT7zA="}},"signature":{"type":"Buffer","data":"PlDGpkPyIMmpsancO/Z+TyRgJXviGj1PM+Af9CVyXwgwgqzZgIvFfZtt/pe7rBUV4N5DUgTwj6VsacoMIeYJjQ=="},"keyId":1},"registrationId":247,"advSecretKey":"u2JYbSeXE0qs8BokOu1wNzH7meuN2s9N/az65kBWOo4=","processedHistoryMessages":[{"key":{"remoteJid":"62831104655281@s.whatsapp.net","fromMe":true,"id":"9BB1860EC9ADD6D9F582A07E1AEDB83F"},"messageTimestamp":1686138706},{"key":{"remoteJid":"62831104655281@s.whatsapp.net","fromMe":true,"id":"539D115917C9CE135A29A2FA98D8AD0E"},"messageTimestamp":1686138706},{"key":{"remoteJid":"62831104655281@s.whatsapp.net","fromMe":true,"id":"701D0AD83BE285A054EE1A788269C71B"},"messageTimestamp":1686138710},{"key":{"remoteJid":"62831104655281@s.whatsapp.net","fromMe":true,"id":"60DF9FD1F01849D7A969B29734A4357B"},"messageTimestamp":1686138710}],"nextPreKeyId":32,"firstUnuploadedPreKeyId":32,"accountSyncCounter":1,"accountSettings":{"unarchiveChats":false},"account":{"details":"CKbwh48DEMfegaQGGAE=","accountSignatureKey":"qIYcQHz6KyxaVS1FneWOR9GU5S74Y6tKVjHcGsaYHFI=","accountSignature":"aLdBHEBBaalguLejbsry900qPuJaR00x3k36LxSkPmpBp+dRHLjXO3GvGmQkufPFatqvnColwXYZpou/hmr8AQ==","deviceSignature":"j4gowqRlhwXtEi1AS5eCl43bR63+v3uW9hpRvT8pnbG8+mqpe1jf9yPXFgiNIWz3vRmTJ8K4po2mriXxA0oMhw=="},"me":{"id":"62831104655281:1@s.whatsapp.net","name":"Clone"},"signalIdentities":[{"identifier":{"name":"62831104655281:1@s.whatsapp.net","deviceId":0},"identifierKey":{"type":"Buffer","data":"BaiGHEB8+issWlUtRZ3ljkfRlOUu+GOrSlYx3BrGmBxS"}}],"platform":"android","lastAccountSyncTimestamp":1686138812,"myAppStateKeyId":"AAAAAKi0"}