[{"senderKeyId":2026104923,"senderChainKey":{"iteration":5,"seed":"P/Fi05TF7XSwM3hCtDUe4JzG5O/mt4hr7TOYHW1AgOw="},"senderSigningKey":{"public":"BTg8iV+5tDjSOapS6acOEShGB3R/BWMmbrsCstarC1xF"},"senderMessageKeys":[]},{"senderKeyId":2026104923,"senderChainKey":{"iteration":1,"seed":"RXpEW+anzMJ8Y5TH2GDsE9S3TQ3qfEEe0vbxsj/1L8M="},"senderSigningKey":{"public":"BTg8iV+5tDjSOapS6acOEShGB3R/BWMmbrsCstarC1xF"},"senderMessageKeys":[]},{"senderKeyId":2026104923,"senderChainKey":{"iteration":1,"seed":"RXpEW+anzMJ8Y5TH2GDsE9S3TQ3qfEEe0vbxsj/1L8M="},"senderSigningKey":{"public":"BTg8iV+5tDjSOapS6acOEShGB3R/BWMmbrsCstarC1xF"},"senderMessageKeys":[]},{"senderKeyId":2026104923,"senderChainKey":{"iteration":1,"seed":"RXpEW+anzMJ8Y5TH2GDsE9S3TQ3qfEEe0vbxsj/1L8M="},"senderSigningKey":{"public":"BTg8iV+5tDjSOapS6acOEShGB3R/BWMmbrsCstarC1xF"},"senderMessageKeys":[]}]