{"_sessions":{"Bcxsiiv5ZyJdgdtwjQWyJCq/u4xjH6s1fQv98C6E4SAG":{"registrationId":1842780346,"currentRatchet":{"ephemeralKeyPair":{"pubKey":"Bfv9SIERl44bbfUuGWhPUv7afpJ/jJnlfwqIovfu5rJN","privKey":"oH2rpsA26y1bEfS2Fta5Q4JBYRZgDCK+pVkXbzmcP2c="},"lastRemoteEphemeralKey":"BcEuOMHP6O1/NvoSyAt1Dnb1u7CNVhpVMCy9cfJDpiAZ","previousCounter":0,"rootKey":"E7u/R6tnZxy66Y3c1FiYvjJuIxVhatCsNWew+8uCvOk="},"indexInfo":{"baseKey":"Bcxsiiv5ZyJdgdtwjQWyJCq/u4xjH6s1fQv98C6E4SAG","baseKeyType":1,"closed":-1,"used":1686138796220,"created":1686138796220,"remoteIdentityKey":"BcpXiQ4pg2ziaH95bdN8P1MJ3Je7J8lz0K50AU02XCM0"},"_chains":{"Bfv9SIERl44bbfUuGWhPUv7afpJ/jJnlfwqIovfu5rJN":{"chainKey":{"counter":263,"key":"/C1k/urLtTwVcYVHIH+ytxzcWxyaRQXsQLNMP8vWMSA="},"chainType":1,"messageKeys":{}}},"pendingPreKey":{"signedKeyId":0,"baseKey":"Bcxsiiv5ZyJdgdtwjQWyJCq/u4xjH6s1fQv98C6E4SAG"}}},"version":"v1"}