{"_sessions":{"BSQc8wXH5WzvpdS0ppUyUtYL5pyc6y2DIMsMS/p2sB4+":{"registrationId":231,"currentRatchet":{"ephemeralKeyPair":{"pubKey":"Be0vYcznxj5NpyidLHmdOoPRf4V/BOtixCq5cUh9T34A","privKey":"6L0A2OFYFMZ603XQGFuRi8T60Tq8rolQLGNY17YtDUs="},"lastRemoteEphemeralKey":"BZX31ouNCz9As9OZZGVRveMZhESxYJHN5CvpGvrn5P96","previousCounter":0,"rootKey":"UinZmUJA+JIq9ywlx4GVAthx2H3mLfiX1q2NI+wT+c8="},"indexInfo":{"baseKey":"BSQc8wXH5WzvpdS0ppUyUtYL5pyc6y2DIMsMS/p2sB4+","baseKeyType":1,"closed":-1,"used":1686138796531,"created":1686138796531,"remoteIdentityKey":"BUdNw7oeMxUyRE2Et9JWBQRHtvjkkMtfHtKV5IyGwftD"},"_chains":{"Be0vYcznxj5NpyidLHmdOoPRf4V/BOtixCq5cUh9T34A":{"chainKey":{"counter":263,"key":"o5MtHswz7pdNTF1l91yzxQnh8wv1L/0J4yLhnQforHc="},"chainType":1,"messageKeys":{}}},"pendingPreKey":{"signedKeyId":1,"baseKey":"BSQc8wXH5WzvpdS0ppUyUtYL5pyc6y2DIMsMS/p2sB4+"}}},"version":"v1"}