{"_sessions":{"BVJs1F+ntdPehGqFlhFTldmPNcMqdjk3fvLk8hvnDDN/":{"registrationId":679859213,"currentRatchet":{"ephemeralKeyPair":{"pubKey":"BQuZ+InSrCePQVsLvkROdo7eZ7MSPjk49mrWzMbh1scE","privKey":"wFEaBSurqnzylrWHq618zW24AMqh94qD/+IgjMn4KGQ="},"lastRemoteEphemeralKey":"BdsWyQ6lpLqNdMj6EbOePD2HfL5uxgUOffRTDpHzqMUg","previousCounter":0,"rootKey":"wvF0se/Qz0kqlOjorE1jm3Eh0reupZ2ODp2MWsJqfSg="},"indexInfo":{"baseKey":"BVJs1F+ntdPehGqFlhFTldmPNcMqdjk3fvLk8hvnDDN/","baseKeyType":1,"closed":1686141098996,"used":1686138797588,"created":1686138797588,"remoteIdentityKey":"Bc+k1asR7aez8cxw/qYzuDkF0m+GuGCDhs98ja0JHwNP"},"_chains":{"BQuZ+InSrCePQVsLvkROdo7eZ7MSPjk49mrWzMbh1scE":{"chainKey":{"counter":164,"key":"dEFDaT7tqTZqnL+N/1xcYQW2RTJ9eRH6ckptTDmPHxY="},"chainType":1,"messageKeys":{}}},"pendingPreKey":{"signedKeyId":3,"baseKey":"BVJs1F+ntdPehGqFlhFTldmPNcMqdjk3fvLk8hvnDDN/","preKeyId":10550637}},"BWYDhfnD9vPsQniLfsTp/1tlOU7Tunw56NSGka9ufet9":{"registrationId":679859213,"currentRatchet":{"ephemeralKeyPair":{"pubKey":"BTGOaTvN7ht7CjSUEwKq5jFdZSMUrAqobL7L3EAtxltX","privKey":"IKrLABa6U5An4KrH7GplcGRLhhqaaNmDWV6xWl9Lo1Y="},"lastRemoteEphemeralKey":"BdsWyQ6lpLqNdMj6EbOePD2HfL5uxgUOffRTDpHzqMUg","previousCounter":0,"rootKey":"iX54/aHgJL7LZduDcZIT7LDk86q8n0xXO2UV3w/J6lw="},"indexInfo":{"baseKey":"BWYDhfnD9vPsQniLfsTp/1tlOU7Tunw56NSGka9ufet9","baseKeyType":1,"closed":-1,"used":1686141098981,"created":1686141098981,"remoteIdentityKey":"Bc+k1asR7aez8cxw/qYzuDkF0m+GuGCDhs98ja0JHwNP"},"_chains":{"BTGOaTvN7ht7CjSUEwKq5jFdZSMUrAqobL7L3EAtxltX":{"chainKey":{"counter":98,"key":"0neoyuv7wNJnFohK+fzJDfOm4a3+aEf6Lwh3RCA51BE="},"chainType":1,"messageKeys":{}}},"pendingPreKey":{"signedKeyId":3,"baseKey":"BWYDhfnD9vPsQniLfsTp/1tlOU7Tunw56NSGka9ufet9","preKeyId":10550520}}},"version":"v1"}