{"_sessions":{"BR2GEm9d5jjvMqHHmepAwd0RR4M5Q1l9z7Ol1lzW+bAy":{"registrationId":164376218,"currentRatchet":{"ephemeralKeyPair":{"pubKey":"Ba8c646PbGC78rersYCBEU/HTEFlNik+NK5g4TqPKhQA","privKey":"GG9YPoWXg25RM+Vcyfu2NQSVzdxXyVIcf0L2x8mwTHI="},"lastRemoteEphemeralKey":"BT1noNWMjoOw1qd7KnCE+QV2KhCXTtH5YXgLpbN5v+Ip","previousCounter":0,"rootKey":"VNLcQ6xGy0856rx8Wb1PaHPEWc/yBiVW2M1wAed34xA="},"indexInfo":{"baseKey":"BR2GEm9d5jjvMqHHmepAwd0RR4M5Q1l9z7Ol1lzW+bAy","baseKeyType":1,"closed":-1,"used":1686138799381,"created":1686138799381,"remoteIdentityKey":"BeqEIzWa490FhuG2GcDeAb94dEhPBAID+7kgLNu9qk1M"},"_chains":{"Ba8c646PbGC78rersYCBEU/HTEFlNik+NK5g4TqPKhQA":{"chainKey":{"counter":263,"key":"LO648bskpxbf8xNECRufOLHjSLFGwxocHgrkxyQ0Lo4="},"chainType":1,"messageKeys":{}}},"pendingPreKey":{"signedKeyId":3,"baseKey":"BR2GEm9d5jjvMqHHmepAwd0RR4M5Q1l9z7Ol1lzW+bAy","preKeyId":12087207}}},"version":"v1"}