{"_sessions":{"BcjiHTIR52is5k6uZqxxtdkNN3nvmK4Sv2lW9R9q6gNm":{"registrationId":1487833089,"currentRatchet":{"ephemeralKeyPair":{"pubKey":"BYKF6raf/MnITRerbDA8rfYZOWkWVg7Q+AZbDR8/N45N","privKey":"IE7/4163c0XUp9lWKz0knyaxWXWocJJ634Jum5g8XHM="},"lastRemoteEphemeralKey":"Bas1JQt+eC47ZJs0/HHcMaxgkV4cwD/FKqKMwLRBITxL","previousCounter":0,"rootKey":"kx8gYdjqw5oTRlwppaGaZvVsM5GWEWKjFeeGTwwEf/4="},"indexInfo":{"baseKey":"BcjiHTIR52is5k6uZqxxtdkNN3nvmK4Sv2lW9R9q6gNm","baseKeyType":1,"closed":1686139601320,"used":1686138800989,"created":1686138800989,"remoteIdentityKey":"BbX5QFgC0iPA8kgrQwE0veAqpZAs4hqTe5vv7cSS3pdF"},"_chains":{"BYKF6raf/MnITRerbDA8rfYZOWkWVg7Q+AZbDR8/N45N":{"chainKey":{"counter":77,"key":"IATo6nCvM9AIkwt+xoMEGufuo5hJKD4IJ+yKwLX1Wrc="},"chainType":1,"messageKeys":{}}},"pendingPreKey":{"signedKeyId":0,"baseKey":"BcjiHTIR52is5k6uZqxxtdkNN3nvmK4Sv2lW9R9q6gNm","preKeyId":8460169}},"BeyMsXSoTH542xWUW2SHS7wrb08FES2/JdoiHtRj4GFw":{"registrationId":1487833089,"currentRatchet":{"ephemeralKeyPair":{"pubKey":"BQrIZbf3YW0cIuOVNPQXw1Mg74keJOhfKZUxdHo1mqQ1","privKey":"CKBarVR+qEkIakJd2UJXG5dIFRmjCsKKMKwp8ACczUc="},"lastRemoteEphemeralKey":"BQJOs4jwNnUhxz/yOWjJd/T9mEGGYBstcZ4tilwJ35tI","previousCounter":98,"rootKey":"oxmxhLowapoGt0lerNzRiR/gKKPHAat7QSfcEDAygJ4="},"indexInfo":{"baseKey":"BeyMsXSoTH542xWUW2SHS7wrb08FES2/JdoiHtRj4GFw","baseKeyType":1,"closed":-1,"used":1686141199470,"created":1686139601062,"remoteIdentityKey":"BbX5QFgC0iPA8kgrQwE0veAqpZAs4hqTe5vv7cSS3pdF"},"_chains":{"BQJOs4jwNnUhxz/yOWjJd/T9mEGGYBstcZ4tilwJ35tI":{"chainKey":{"counter":0,"key":"OPfbs8PKMTHaRHHKrbp6Svhvw98PG6rYyGGE+dLh0R4="},"chainType":2,"messageKeys":{}},"BQrIZbf3YW0cIuOVNPQXw1Mg74keJOhfKZUxdHo1mqQ1":{"chainKey":{"counter":86,"key":"osqoun1bGoXQE0yjqrfbGUTOhwqEqi+i5NO2A5kzVyw="},"chainType":1,"messageKeys":{}}}}},"version":"v1"}