{"_sessions":{"BQ53Q0v4GH818730Bd24N69ERxm1zWXULUTL4/Uh3gM8":{"registrationId":1387826926,"currentRatchet":{"ephemeralKeyPair":{"pubKey":"BYuIsFHPV6eVB4rloG56WBHQ+0TwdDZ4ztc09wiSnnF9","privKey":"EFrqv/ebcGTZzGIUEEoT0uwrhN0jD1MuEH6ljVaFlVc="},"lastRemoteEphemeralKey":"BWtam4FX5cZLbkjYtrHVP2NQE7qt40Ns0BSJcR8E8H4H","previousCounter":0,"rootKey":"F56lEa5MCvoxmqtg0Lw2f71jcwmu5F93b6p3V7/vDsY="},"indexInfo":{"baseKey":"BQ53Q0v4GH818730Bd24N69ERxm1zWXULUTL4/Uh3gM8","baseKeyType":1,"closed":-1,"used":1686138799237,"created":1686138799237,"remoteIdentityKey":"BTFsyGwPfriZXyqxZ+e9q8WcwVe045SF2FxiMZDNuWsr"},"_chains":{"BYuIsFHPV6eVB4rloG56WBHQ+0TwdDZ4ztc09wiSnnF9":{"chainKey":{"counter":263,"key":"ATFz2EhMg+IOsNfb0Qt0XgHA6OAhJ3s4JBZPzMPdw7g="},"chainType":1,"messageKeys":{}}},"pendingPreKey":{"signedKeyId":15,"baseKey":"BQ53Q0v4GH818730Bd24N69ERxm1zWXULUTL4/Uh3gM8","preKeyId":13572788}}},"version":"v1"}