{"_sessions":{"BRSi1tNGt2YfrhlIg/isBi2eTkMK61SN2qh5pyuCPg07":{"registrationId":553487638,"currentRatchet":{"ephemeralKeyPair":{"pubKey":"BYsoP9b13/97PzCyyxnw4pkNAa49j+X00zJ6cwAoQH4F","privKey":"yFUZijHGLlCSbfmxOYNDCt/uIb2dHD3idU9KpDy4PWY="},"lastRemoteEphemeralKey":"Bc4XWdlH5GAXaAyjhVMI0VwmEuUTMJGaPJhsQ/5vE3hd","previousCounter":0,"rootKey":"4diVfzauQV3W2jEP/ogfTgOmWOEih8B7ah71ExVjcw8="},"indexInfo":{"baseKey":"BRSi1tNGt2YfrhlIg/isBi2eTkMK61SN2qh5pyuCPg07","baseKeyType":1,"closed":1686139242940,"used":1686138799349,"created":1686138799349,"remoteIdentityKey":"BZlxaNb5U/wuFBsPWYSNbHPy8s3XwD2pvmQF2Jqc1h94"},"_chains":{"BYsoP9b13/97PzCyyxnw4pkNAa49j+X00zJ6cwAoQH4F":{"chainKey":{"counter":22,"key":"97S8ZHSwncgiW25YuaRlSvmhGI6odIQb3Zn8VSKTlmY="},"chainType":1,"messageKeys":{}}},"pendingPreKey":{"signedKeyId":0,"baseKey":"BRSi1tNGt2YfrhlIg/isBi2eTkMK61SN2qh5pyuCPg07","preKeyId":611656}},"BcQyEZslsvaf4NdJDMbEbZB627Y8AV2+BeR8ZIoBObxM":{"registrationId":553487638,"currentRatchet":{"ephemeralKeyPair":{"pubKey":"BbNnT7UmH8e/ocomrwcLWYhHAezf3CZZPYw7qvbJS5EX","privKey":"IMiOvJaa54cb810pa6SMuZ8oRcqNULXrk0EjPIPno10="},"lastRemoteEphemeralKey":"Bc4XWdlH5GAXaAyjhVMI0VwmEuUTMJGaPJhsQ/5vE3hd","previousCounter":0,"rootKey":"Ma2p0txAAFi/qYeQvRVEuOin1Y2tB0GbQbliGMwsrHw="},"indexInfo":{"baseKey":"BcQyEZslsvaf4NdJDMbEbZB627Y8AV2+BeR8ZIoBObxM","baseKeyType":1,"closed":-1,"used":1686139242909,"created":1686139242909,"remoteIdentityKey":"BZlxaNb5U/wuFBsPWYSNbHPy8s3XwD2pvmQF2Jqc1h94"},"_chains":{"BbNnT7UmH8e/ocomrwcLWYhHAezf3CZZPYw7qvbJS5EX":{"chainKey":{"counter":240,"key":"g8PnPiU9vkzInJ+MUFO5B7CBNAi+K+AsOfkGwpYaGnQ="},"chainType":1,"messageKeys":{}}},"pendingPreKey":{"signedKeyId":0,"baseKey":"BcQyEZslsvaf4NdJDMbEbZB627Y8AV2+BeR8ZIoBObxM","preKeyId":611689}}},"version":"v1"}