{"_sessions":{"BWOJ4Ab511e7YbAxuMBTZAogcqAPNB0As9MZfM/Oa5kZ":{"registrationId":780661753,"currentRatchet":{"ephemeralKeyPair":{"pubKey":"BdEKvMgTwA3apmcLx/YQkG+qCw7di/m/Ey0V5lUiQTU9","privKey":"WBDLrXB917YIUuxlcX6pKOTqRO8s968p8ctQAeBIhEY="},"lastRemoteEphemeralKey":"BdOxhPry6lEHvun6A9+Crymgkag0I6ZWcDKUh3pBwpQK","previousCounter":0,"rootKey":"uXXRKVd/WjyjIaBkx6Oun/yJoRNb5AY8RP1uOtO3ozM="},"indexInfo":{"baseKey":"BWOJ4Ab511e7YbAxuMBTZAogcqAPNB0As9MZfM/Oa5kZ","baseKeyType":1,"closed":-1,"used":1686138799862,"created":1686138799862,"remoteIdentityKey":"BRS7XBFxhi8zCxtV6YYyQD1NQ6baJFcVa2eNfgXLog05"},"_chains":{"BdEKvMgTwA3apmcLx/YQkG+qCw7di/m/Ey0V5lUiQTU9":{"chainKey":{"counter":263,"key":"12cXrQIPuWKu3xXZdUOUhoNEvARH8M8dvKrntaq/NK4="},"chainType":1,"messageKeys":{}}},"pendingPreKey":{"signedKeyId":6,"baseKey":"BWOJ4Ab511e7YbAxuMBTZAogcqAPNB0As9MZfM/Oa5kZ"}}},"version":"v1"}