{"_sessions":{"BRj4K1gILZejhvPHkIpws2Dwdm3YYSwIcfpytEA0Z7ct":{"registrationId":126,"currentRatchet":{"ephemeralKeyPair":{"pubKey":"BYsqYz/KHhPrPakYTieRvZXu5D2Jt3AEf4U2Va0PP/lX","privKey":"GD548ldVYapXo30Xi4vqq4U/qGKND9M5XyRhSmZ3skI="},"lastRemoteEphemeralKey":"BYFUTmMqcmKsquUdUYZMDu+8MKBydNilQSJpjsqTOL4+","previousCounter":0,"rootKey":"h49GVBBzpHYUGQulL0GtSHuV/Q5UNARz3GAhpPEWItw="},"indexInfo":{"baseKey":"BRj4K1gILZejhvPHkIpws2Dwdm3YYSwIcfpytEA0Z7ct","baseKeyType":1,"closed":-1,"used":1686138796816,"created":1686138796816,"remoteIdentityKey":"BS/8WCyYVX90fHYCphpN1vRMjMvEUGP2shvZdKgreOxn"},"_chains":{"BYsqYz/KHhPrPakYTieRvZXu5D2Jt3AEf4U2Va0PP/lX":{"chainKey":{"counter":263,"key":"laQVZClOPWNxWvmxBMROJ/zxVRPewk5aaFUkhJ6ZRsQ="},"chainType":1,"messageKeys":{}}},"pendingPreKey":{"signedKeyId":1,"baseKey":"BRj4K1gILZejhvPHkIpws2Dwdm3YYSwIcfpytEA0Z7ct"}}},"version":"v1"}