{"_sessions":{"BWBQJ/bP3mgkBAIQly0miVdRZ1d33TLqfpw91VwRvLE1":{"registrationId":1726878116,"currentRatchet":{"ephemeralKeyPair":{"pubKey":"Bbsv+mrjkn1JaGVSAjQIvPzH/whqaGKtvQzAm19jGWpE","privKey":"OJH7lJElrTRg3qIBBho5BLs1kfo8gvO0ej4LinG/oHs="},"lastRemoteEphemeralKey":"BbMY3B029GrfpPwgv09x5mTsxk6RX/KShqxdJ5rZjOpy","previousCounter":0,"rootKey":"zZJsF+k4euJdFOaO4547qBC1ZGgGPxuelxYX2gIh7r0="},"indexInfo":{"baseKey":"BWBQJ/bP3mgkBAIQly0miVdRZ1d33TLqfpw91VwRvLE1","baseKeyType":1,"closed":-1,"used":1686138797140,"created":1686138797140,"remoteIdentityKey":"BbdQv8pn+LIF2WUuQJ96EsTi9Leni9CVABQ7XnhtXow+"},"_chains":{"Bbsv+mrjkn1JaGVSAjQIvPzH/whqaGKtvQzAm19jGWpE":{"chainKey":{"counter":263,"key":"2dsWtx1GWLs6LkfY8SjQt5GcHUwyDY472TiTnyWEkpk="},"chainType":1,"messageKeys":{}}},"pendingPreKey":{"signedKeyId":3,"baseKey":"BWBQJ/bP3mgkBAIQly0miVdRZ1d33TLqfpw91VwRvLE1","preKeyId":14251292}}},"version":"v1"}