{"_sessions":{"BUXJdgIpvhDS/eZ83/CsmsLtATkSSYa5jEC5qXu+NBQC":{"registrationId":522729657,"currentRatchet":{"ephemeralKeyPair":{"pubKey":"Bfglao+SF/r9n/OSU81vp5siQNEVy2Ab6YI0g+ruL9dJ","privKey":"YDx15YuWQ62FYUPIrXzUTfaVRn8xFezn71YIR0JiUW4="},"lastRemoteEphemeralKey":"BcyfMQa9PAXLFuzzVNVNVye4ZW7cPJqvMHVWo1vc8bIC","previousCounter":0,"rootKey":"xA7uMn/6TorgyiaYr/0dI8qGdmo8qUaMjy9wQPpepWo="},"indexInfo":{"baseKey":"BUXJdgIpvhDS/eZ83/CsmsLtATkSSYa5jEC5qXu+NBQC","baseKeyType":1,"closed":-1,"used":1686138800020,"created":1686138800020,"remoteIdentityKey":"BbVMrf2m3zvsh9KLdONxQz0/kdyu4gNvAldM4SiFG+Qn"},"_chains":{"Bfglao+SF/r9n/OSU81vp5siQNEVy2Ab6YI0g+ruL9dJ":{"chainKey":{"counter":263,"key":"p+Zjqpx/0wQ2pyD/cqtBt+8MZBP7KQh7o8Ip1IBIgT4="},"chainType":1,"messageKeys":{}}},"pendingPreKey":{"signedKeyId":1,"baseKey":"BUXJdgIpvhDS/eZ83/CsmsLtATkSSYa5jEC5qXu+NBQC","preKeyId":8443807}}},"version":"v1"}