{"_sessions":{"Bfp90ljDF0epXIGbjYdXVU3n8t9ySpn0i3A73C+YLdFC":{"registrationId":1283669202,"currentRatchet":{"ephemeralKeyPair":{"pubKey":"BdJCTrVNLFisyZH8SBQ+X4saJ/OiEoKO6A1o3qgJcewD","privKey":"EMJQ9DhN7KagBYErke8EMNbHv4isY/PBZbwbMffyR38="},"lastRemoteEphemeralKey":"Bc3tnmS8CWU9xOfWlQtaMOZzyJNzeeP5ymIdI1hx89FQ","previousCounter":0,"rootKey":"UU8KFZcezF1D/Fv4pjj18h0REwoeY02/qU74f4bUQEw="},"indexInfo":{"baseKey":"Bfp90ljDF0epXIGbjYdXVU3n8t9ySpn0i3A73C+YLdFC","baseKeyType":1,"closed":-1,"used":1686138801981,"created":1686138801981,"remoteIdentityKey":"BcDCP4D1le3lWxmsywSZQsdHVIedM/fPxuwoKUoLDuR9"},"_chains":{"BdJCTrVNLFisyZH8SBQ+X4saJ/OiEoKO6A1o3qgJcewD":{"chainKey":{"counter":263,"key":"gHLa91QY3/YHCrytBkCyQrH6yZi7NXP9D/Clyhks1wg="},"chainType":1,"messageKeys":{}}},"pendingPreKey":{"signedKeyId":0,"baseKey":"Bfp90ljDF0epXIGbjYdXVU3n8t9ySpn0i3A73C+YLdFC","preKeyId":8135884}}},"version":"v1"}