{"_sessions":{"BTaCij8s7mUJjtVMrsafGbrclCndmTLBIktrL1lZ6WdS":{"registrationId":1872387383,"currentRatchet":{"ephemeralKeyPair":{"pubKey":"BTGR8wokIuH2BK304SYQBoVSfIqR8u/4EcXv4oEa2+dP","privKey":"AF9HSrOu9rABPRYGbUN8jX+VRY+yPHbRB4NT6xQIokk="},"lastRemoteEphemeralKey":"Barp03YgH8n9S+n+3dcnF9XLUyO3uIOZ6yLwjBibkpEc","previousCounter":0,"rootKey":"pUNoN7I1JppfhMUdiTr6oU3lJb/LQ8u/KYXyTCeT3uM="},"indexInfo":{"baseKey":"BTaCij8s7mUJjtVMrsafGbrclCndmTLBIktrL1lZ6WdS","baseKeyType":1,"closed":-1,"used":1686138801398,"created":1686138801398,"remoteIdentityKey":"BS1xFY4WcN3HeiJwumBRGo6/1OYn6kHX8Zi768yc/tdY"},"_chains":{"BTGR8wokIuH2BK304SYQBoVSfIqR8u/4EcXv4oEa2+dP":{"chainKey":{"counter":263,"key":"scWxfrMbLKZinI5KYInQv/1vmkIyaQGnkVOBGYwK+KY="},"chainType":1,"messageKeys":{}}},"pendingPreKey":{"signedKeyId":0,"baseKey":"BTaCij8s7mUJjtVMrsafGbrclCndmTLBIktrL1lZ6WdS"}}},"version":"v1"}