{"_sessions":{"BRSnqTb8BJfvNW1jO4A/+dsQx4MKjyI8g36R91cyPjF5":{"registrationId":1396233690,"currentRatchet":{"ephemeralKeyPair":{"pubKey":"BWwD1ZPU3F+o97pdyOj4rOUHOcIdHHDUCSBTKzHmjOML","privKey":"2EAUJD/8O0amxz9lh90s1s5DIUuVLe+ouC1oTw46dGQ="},"lastRemoteEphemeralKey":"BVNiGltTIoveNMnkA+jvN4aN3TeQeuwJCzpUqx7AThsq","previousCounter":0,"rootKey":"/XIYX+k28eXUghotoiljI2X+JA0UOcGv+8z8x3DVFog="},"indexInfo":{"baseKey":"BRSnqTb8BJfvNW1jO4A/+dsQx4MKjyI8g36R91cyPjF5","baseKeyType":1,"closed":-1,"used":1686138799518,"created":1686138799518,"remoteIdentityKey":"BQmDvGjrQlgQq+DhWd/qn+Sq9NQHAhxsoj3Zwu+ID0gw"},"_chains":{"BWwD1ZPU3F+o97pdyOj4rOUHOcIdHHDUCSBTKzHmjOML":{"chainKey":{"counter":263,"key":"f8kRqXc8TmxJ5luwFOuCWFslb3xSPL4IRGBvPIK0sKE="},"chainType":1,"messageKeys":{}}},"pendingPreKey":{"signedKeyId":0,"baseKey":"BRSnqTb8BJfvNW1jO4A/+dsQx4MKjyI8g36R91cyPjF5","preKeyId":16466313}}},"version":"v1"}