{"_sessions":{"BYYtLOl5utzqkQuamvqum3jX94MZjS6MmJMG34WbXGcm":{"registrationId":56,"currentRatchet":{"ephemeralKeyPair":{"pubKey":"BVZ+w12BAIyUQvK+s3BD33olnhpk9ob3xSPh8LgnPCFL","privKey":"ePD8tMKRQgCG6NyEq4v+XbMunqrpkHzBrf3gGcBJ8ms="},"lastRemoteEphemeralKey":"BVX3rGLNlcLboUU/Tmo7+vcBNxmQtpd8XJUhARxa3y1T","previousCounter":0,"rootKey":"TWOE49OsbM/f0Vv55mo6VOqlCuwp//rWe5leG3o+p60="},"indexInfo":{"baseKey":"BYYtLOl5utzqkQuamvqum3jX94MZjS6MmJMG34WbXGcm","baseKeyType":1,"closed":-1,"used":1686138796099,"created":1686138796099,"remoteIdentityKey":"BfkCOSMVs4X00ssInsMh+mEf6IBmT/S+6BPhyDs9osBF"},"_chains":{"BVZ+w12BAIyUQvK+s3BD33olnhpk9ob3xSPh8LgnPCFL":{"chainKey":{"counter":263,"key":"W4hWfmMuv/bOY1mNvkgYrbgVEIps6DqJm++Xu8nnyII="},"chainType":1,"messageKeys":{}}},"pendingPreKey":{"signedKeyId":1,"baseKey":"BYYtLOl5utzqkQuamvqum3jX94MZjS6MmJMG34WbXGcm"}}},"version":"v1"}