{"_sessions":{"BcXC2o/SRM2Kidb2caf+ncyG5hYGIAsSfi9wgkt/jehP":{"registrationId":1659273791,"currentRatchet":{"ephemeralKeyPair":{"pubKey":"Bfpr4z9bvIbBg4dBpjhRnmH1z4LdGu5a5x+ddlwfk3dA","privKey":"eBRTc7j60oQS48SRx+I1+JYyx5mymLEN17to5EmkDV0="},"lastRemoteEphemeralKey":"BcDKCJj62UyN6Ea67KbOYoeED7JKKxgl0QK/7AvasDYC","previousCounter":0,"rootKey":"zC141S9sbGkIoPbT6rag8IesCuQUr9txlYW+TGgPSTY="},"indexInfo":{"baseKey":"BcXC2o/SRM2Kidb2caf+ncyG5hYGIAsSfi9wgkt/jehP","baseKeyType":1,"closed":-1,"used":1686138701790,"created":1686138701790,"remoteIdentityKey":"BRtcm8Q16WwQswarBAjS2UPguUIbsWC6VOdKKoIv2PZk"},"_chains":{"Bfpr4z9bvIbBg4dBpjhRnmH1z4LdGu5a5x+ddlwfk3dA":{"chainKey":{"counter":10,"key":"ZkHV3OrHtIO474NP/hZJwyoXILWSQZZ33lzt9xLeiiU="},"chainType":1,"messageKeys":{}}},"pendingPreKey":{"signedKeyId":4,"baseKey":"BcXC2o/SRM2Kidb2caf+ncyG5hYGIAsSfi9wgkt/jehP","preKeyId":10827936}}},"version":"v1"}