{"_sessions":{"BWuwWDE4p08waapINVVDJe98Tq7f2xr9HSpJvaGDXF58":{"registrationId":31853262,"currentRatchet":{"ephemeralKeyPair":{"pubKey":"Bbipah8Zt6OdotVDLNnyazOQWIAtkXENiD4Tm+EOPG0c","privKey":"+A6WhIXPl+kJq1Faj1tu1EZRay7OMJBS6fiee5SsklA="},"lastRemoteEphemeralKey":"BactbzJgQwuCOeJLAUYDmw1DNMEFRivCqO8j5WKCut0P","previousCounter":0,"rootKey":"j2QBcXUZPrylENxKvmaNt8tqZAhNvmWaPjNZQEBZopw="},"indexInfo":{"baseKey":"BWuwWDE4p08waapINVVDJe98Tq7f2xr9HSpJvaGDXF58","baseKeyType":1,"closed":-1,"used":1686138803601,"created":1686138803601,"remoteIdentityKey":"BVzDdyVXcIFrftrnhGFirJiwWExYLWpLEoDL+jn50xkb"},"_chains":{"Bbipah8Zt6OdotVDLNnyazOQWIAtkXENiD4Tm+EOPG0c":{"chainKey":{"counter":263,"key":"ZDKhKAlcDuemPvD/iSVPOBfsOoub3MFb25xesYCY8JE="},"chainType":1,"messageKeys":{}}},"pendingPreKey":{"signedKeyId":3,"baseKey":"BWuwWDE4p08waapINVVDJe98Tq7f2xr9HSpJvaGDXF58","preKeyId":13234224}}},"version":"v1"}