{"_sessions":{"BUowZ5TO7wiFgnyQuxLLcIlnGk4rG/hgQqn8Pll9P6UO":{"registrationId":514425919,"currentRatchet":{"ephemeralKeyPair":{"pubKey":"BfPYwxjVkGc806ALOUtcfSJyhhcBjWeHYcip77U35iQf","privKey":"QOCkgQzOv7TdjTfIguLRPjrWSTzyGxSpIDya3A4ll2Y="},"lastRemoteEphemeralKey":"BR1+Y28UzUNoFDKCXxQRXmES8m7DJhfTbQd4gugnKkBQ","previousCounter":0,"rootKey":"N4eQA4agk5mqbTkDjchGx/Fu5Zb05yOOo8NNhtDiTHA="},"indexInfo":{"baseKey":"BUowZ5TO7wiFgnyQuxLLcIlnGk4rG/hgQqn8Pll9P6UO","baseKeyType":1,"closed":-1,"used":1686138800297,"created":1686138800297,"remoteIdentityKey":"BeTRVr7ltF/f/uIKf3mu/cxYN9yWKNHwBMi5egUlU9R/"},"_chains":{"BfPYwxjVkGc806ALOUtcfSJyhhcBjWeHYcip77U35iQf":{"chainKey":{"counter":263,"key":"JRz5ftmiGSK5eoKNIFcdATi9FTAU1uDQvkFkTICNeIg="},"chainType":1,"messageKeys":{}}},"pendingPreKey":{"signedKeyId":0,"baseKey":"BUowZ5TO7wiFgnyQuxLLcIlnGk4rG/hgQqn8Pll9P6UO"}}},"version":"v1"}