{"_sessions":{"BcPURKfImpu0beyjeWQOa6z+pxdSODCws6xQm8I3U9NS":{"registrationId":1507803608,"currentRatchet":{"ephemeralKeyPair":{"pubKey":"BTt5yi2xEnJYNN/+Hehfd66vxdqpThp0uALmhx4PGM0G","privKey":"UDJHGIgQ78RbiYLUzbpz3FZripjgdtEEaSvBR3a2eUo="},"lastRemoteEphemeralKey":"BYti38nzKmGNid+OkGQI4GV9JK4tik7IwaswUreo8zpJ","previousCounter":0,"rootKey":"CS0tqpuqC44wASTfNFjkEXYlJRGlOP1rhJ3GOmC3tT4="},"indexInfo":{"baseKey":"BcPURKfImpu0beyjeWQOa6z+pxdSODCws6xQm8I3U9NS","baseKeyType":1,"closed":1686139633851,"used":1686138803775,"created":1686138803775,"remoteIdentityKey":"BWSJre06UTmvlAJQXZqsO9S2XgWULTQT6Ae+1P398+h7"},"_chains":{"BTt5yi2xEnJYNN/+Hehfd66vxdqpThp0uALmhx4PGM0G":{"chainKey":{"counter":80,"key":"9OFEuZ59q5X6Iqjt5U2vmKv0ondHeAFk9nsVSVivwUg="},"chainType":1,"messageKeys":{}}},"pendingPreKey":{"signedKeyId":1,"baseKey":"BcPURKfImpu0beyjeWQOa6z+pxdSODCws6xQm8I3U9NS","preKeyId":8290248}},"Bbz9F1c0EQDgHcIJAxSgqzFTgFOPdj4oEUG/b93pRABS":{"registrationId":1507803608,"currentRatchet":{"ephemeralKeyPair":{"pubKey":"BQnMQp8v1VLqhstMRcFy8cJVozbYMEv5SelM+cIPFYgU","privKey":"4MQ73CD2fgCFKHa1pb3NTMAz8iS/DD/6cK+X+zLyWkE="},"lastRemoteEphemeralKey":"BYti38nzKmGNid+OkGQI4GV9JK4tik7IwaswUreo8zpJ","previousCounter":0,"rootKey":"UdnSVcSGmBStra1+8Zx5HSWOnEfZKhVtHf7DvqkK1qw="},"indexInfo":{"baseKey":"Bbz9F1c0EQDgHcIJAxSgqzFTgFOPdj4oEUG/b93pRABS","baseKeyType":1,"closed":-1,"used":1686139633810,"created":1686139633810,"remoteIdentityKey":"BWSJre06UTmvlAJQXZqsO9S2XgWULTQT6Ae+1P398+h7"},"_chains":{"BQnMQp8v1VLqhstMRcFy8cJVozbYMEv5SelM+cIPFYgU":{"chainKey":{"counter":182,"key":"m7k2ma2rDid5WEk2aQdg/WJ/AHogBHSop2lkfB4Y2rE="},"chainType":1,"messageKeys":{}}},"pendingPreKey":{"signedKeyId":1,"baseKey":"Bbz9F1c0EQDgHcIJAxSgqzFTgFOPdj4oEUG/b93pRABS","preKeyId":8290191}}},"version":"v1"}