{"_sessions":{"BQhjSIMFRRGqHyIskHv9JTu8PYSaVSIrFi0EZDs1ghJQ":{"registrationId":1868971393,"currentRatchet":{"ephemeralKeyPair":{"pubKey":"BVeS4nVpQcn1/0GOxURpDXF2mG0P/LlUBFxWOmM23L5R","privKey":"eGfn33UZXV8C/zjPv4ZXqSFmlehqOY978HLAwp2v4XM="},"lastRemoteEphemeralKey":"Bee6ZnImAkwqbzUE58o4pz3YNrdHE/n3IguiQEmcN6c+","previousCounter":0,"rootKey":"wPbSe5JN1uQVqMPvaXuf5FEjRt8hwEYIj5e3jm/0b5U="},"indexInfo":{"baseKey":"BQhjSIMFRRGqHyIskHv9JTu8PYSaVSIrFi0EZDs1ghJQ","baseKeyType":1,"closed":1686141078641,"used":1686141075064,"created":1686141075064,"remoteIdentityKey":"BW47gqv0eJmU7c8fZfZ+VL7taK64B3i0YiGXpCzvTF4L"},"_chains":{"BVeS4nVpQcn1/0GOxURpDXF2mG0P/LlUBFxWOmM23L5R":{"chainKey":{"counter":0,"key":"pR5e+gMDi982JYj3IUgT/f/cFuSY0G9hAn+AjgCjEJQ="},"chainType":1,"messageKeys":{}}},"pendingPreKey":{"signedKeyId":1,"baseKey":"BQhjSIMFRRGqHyIskHv9JTu8PYSaVSIrFi0EZDs1ghJQ","preKeyId":14037412}},"BSPzZvYOlrPyB3OgGHZh17JU5czRF9Gjppqq3mB8b608":{"registrationId":1868971393,"currentRatchet":{"ephemeralKeyPair":{"pubKey":"BTMrV11ZgQDWapFX0xnm5jhgLJITPckgMaBWBCTy6zE5","privKey":"2Kd22sxPFiFhZqHZT8Ho9DEonCfssQH+8A3yspC9iEE="},"lastRemoteEphemeralKey":"Bee6ZnImAkwqbzUE58o4pz3YNrdHE/n3IguiQEmcN6c+","previousCounter":0,"rootKey":"LMVNH+U1tMvYY4L+LEzeJOcMwkEIRQI5es7H9X+kxMM="},"indexInfo":{"baseKey":"BSPzZvYOlrPyB3OgGHZh17JU5czRF9Gjppqq3mB8b608","baseKeyType":1,"closed":1686141084540,"used":1686141078620,"created":1686141078620,"remoteIdentityKey":"BW47gqv0eJmU7c8fZfZ+VL7taK64B3i0YiGXpCzvTF4L"},"_chains":{"BTMrV11ZgQDWapFX0xnm5jhgLJITPckgMaBWBCTy6zE5":{"chainKey":{"counter":0,"key":"673I+5X0l7NtvU78wuVtRtBM7WkFLuEX8Pd0/kKieaA="},"chainType":1,"messageKeys":{}}},"pendingPreKey":{"signedKeyId":1,"baseKey":"BSPzZvYOlrPyB3OgGHZh17JU5czRF9Gjppqq3mB8b608","preKeyId":14037511}},"Bd/ABrS5FcchdzKuNMtfSfur5lcljuW0DaILKpF7wmJy":{"registrationId":1868971393,"currentRatchet":{"ephemeralKeyPair":{"pubKey":"BfkpyXOANB/GyJfpENQhuqekhHaOFTFvfUK4Mg+WUxZj","privKey":"eNAdhSTwlBI++wcnGwSlvXV39uoSCb/k8V/08m6e/1M="},"lastRemoteEphemeralKey":"Bee6ZnImAkwqbzUE58o4pz3YNrdHE/n3IguiQEmcN6c+","previousCounter":0,"rootKey":"q2rMCSyJikQl4nKQ5udMV3aQ/kCzM1XVFdtjtrJIDeo="},"indexInfo":{"baseKey":"Bd/ABrS5FcchdzKuNMtfSfur5lcljuW0DaILKpF7wmJy","baseKeyType":1,"closed":1686141089862,"used":1686141084507,"created":1686141084507,"remoteIdentityKey":"BW47gqv0eJmU7c8fZfZ+VL7taK64B3i0YiGXpCzvTF4L"},"_chains":{"BfkpyXOANB/GyJfpENQhuqekhHaOFTFvfUK4Mg+WUxZj":{"chainKey":{"counter":0,"key":"MD3+VkRuAawhy6Zw/yJpbsPJNXoYXzoJJmrJzeXHzVk="},"chainType":1,"messageKeys":{}}},"pendingPreKey":{"signedKeyId":1,"baseKey":"Bd/ABrS5FcchdzKuNMtfSfur5lcljuW0DaILKpF7wmJy","preKeyId":14037437}},"BTNiGNCDhcpO7TLc0P1IrHiM8L9cgC6u4/hHZsN/G45y":{"registrationId":1868971393,"currentRatchet":{"ephemeralKeyPair":{"pubKey":"BW3zLa1LaLSgeCZCkqqh4DhZ2T25ABYIlyhe5JVujxkJ","privKey":"0CWMapvJ1iDAlC+EZ4TPwfRCv5YY6eHNZ95aHEKN8XY="},"lastRemoteEphemeralKey":"Bee6ZnImAkwqbzUE58o4pz3YNrdHE/n3IguiQEmcN6c+","previousCounter":0,"rootKey":"+zlaKd6RNddJepC8RGHUdXsxZwBC3dZsI5S9oXwJYMI="},"indexInfo":{"baseKey":"BTNiGNCDhcpO7TLc0P1IrHiM8L9cgC6u4/hHZsN/G45y","baseKeyType":1,"closed":1686141093922,"used":1686141089854,"created":1686141089854,"remoteIdentityKey":"BW47gqv0eJmU7c8fZfZ+VL7taK64B3i0YiGXpCzvTF4L"},"_chains":{"BW3zLa1LaLSgeCZCkqqh4DhZ2T25ABYIlyhe5JVujxkJ":{"chainKey":{"counter":0,"key":"On5/XlEMogUAhCF+Vt7doNZ1r9Fr8UnpeDkwllhByUY="},"chainType":1,"messageKeys":{}}},"pendingPreKey":{"signedKeyId":1,"baseKey":"BTNiGNCDhcpO7TLc0P1IrHiM8L9cgC6u4/hHZsN/G45y","preKeyId":14037583}},"Bbt6Q9khVjuPboPyJddWCT4k29WvI42DXd9Z7fAM72QJ":{"registrationId":1868971393,"currentRatchet":{"ephemeralKeyPair":{"pubKey":"BYb2+85O16IdP3GkhNZneMCVVCszUs1ezEsUu3HEW/d7","privKey":"AEnqCQhLMMIVnrGCpKjYX2esufqGTmlaaWnPcSclFW0="},"lastRemoteEphemeralKey":"Bee6ZnImAkwqbzUE58o4pz3YNrdHE/n3IguiQEmcN6c+","previousCounter":0,"rootKey":"5g12WPSU322k3exTQ4PzLNcMLatQ7fQmATyPExLVJio="},"indexInfo":{"baseKey":"Bbt6Q9khVjuPboPyJddWCT4k29WvI42DXd9Z7fAM72QJ","baseKeyType":1,"closed":1686141147745,"used":1686141093903,"created":1686141093903,"remoteIdentityKey":"BW47gqv0eJmU7c8fZfZ+VL7taK64B3i0YiGXpCzvTF4L"},"_chains":{"BYb2+85O16IdP3GkhNZneMCVVCszUs1ezEsUu3HEW/d7":{"chainKey":{"counter":1,"key":"Hk612nT1BfofkCuVlUeuPMeJ60yGHifdgPVlyBTRUJY="},"chainType":1,"messageKeys":{}}},"pendingPreKey":{"signedKeyId":1,"baseKey":"Bbt6Q9khVjuPboPyJddWCT4k29WvI42DXd9Z7fAM72QJ","preKeyId":14036390}},"BWz/WEhr7RsJD9yyxRk9wSKZbXEUpdSUpBHNcAlM4wdd":{"registrationId":1868971393,"currentRatchet":{"ephemeralKeyPair":{"pubKey":"Bbanhf5+JahiwFCLd1o6c46f7OvnuB3PPuMm/A2/gqgs","privKey":"4HXz5k7Ecz6w7gKeVjuDb4oaYKyRG+ON6OpJ+AxRKXY="},"lastRemoteEphemeralKey":"Bee6ZnImAkwqbzUE58o4pz3YNrdHE/n3IguiQEmcN6c+","previousCounter":0,"rootKey":"yYnX3O7z41Cp5W6R1KQzhNXdOUw29WU1vpshrWjC9z0="},"indexInfo":{"baseKey":"BWz/WEhr7RsJD9yyxRk9wSKZbXEUpdSUpBHNcAlM4wdd","baseKeyType":1,"closed":1686141152091,"used":1686141147736,"created":1686141147736,"remoteIdentityKey":"BW47gqv0eJmU7c8fZfZ+VL7taK64B3i0YiGXpCzvTF4L"},"_chains":{"Bbanhf5+JahiwFCLd1o6c46f7OvnuB3PPuMm/A2/gqgs":{"chainKey":{"counter":0,"key":"hiLHt/KIm+Kiw8GRvLPyWS4SY0q4C87hfHkotw2zcGQ="},"chainType":1,"messageKeys":{}}},"pendingPreKey":{"signedKeyId":1,"baseKey":"BWz/WEhr7RsJD9yyxRk9wSKZbXEUpdSUpBHNcAlM4wdd","preKeyId":14037540}},"BUqPU2R8GG5yz7W/HlLLvkA+nxRrVPiQSXN9GS/jDxsw":{"registrationId":1868971393,"currentRatchet":{"ephemeralKeyPair":{"pubKey":"BWO1qroNOgENO440MQxJPm4fgM9GDXnhPnfJaitO7rIm","privKey":"iAyByDEAxsexyr6z0Y4wz/de8jGb1I4oe0RMxxWHB04="},"lastRemoteEphemeralKey":"Bee6ZnImAkwqbzUE58o4pz3YNrdHE/n3IguiQEmcN6c+","previousCounter":0,"rootKey":"MX4wzDDT6phO+LZW73ctcEOs/7AiNZNhdf1Mc4sru3E="},"indexInfo":{"baseKey":"BUqPU2R8GG5yz7W/HlLLvkA+nxRrVPiQSXN9GS/jDxsw","baseKeyType":1,"closed":1686141159358,"used":1686141152080,"created":1686141152080,"remoteIdentityKey":"BW47gqv0eJmU7c8fZfZ+VL7taK64B3i0YiGXpCzvTF4L"},"_chains":{"BWO1qroNOgENO440MQxJPm4fgM9GDXnhPnfJaitO7rIm":{"chainKey":{"counter":1,"key":"hHtxW4IBxHXRXLFr78g2j9cs4tXQF8FT9QvpSAgzi54="},"chainType":1,"messageKeys":{}}},"pendingPreKey":{"signedKeyId":1,"baseKey":"BUqPU2R8GG5yz7W/HlLLvkA+nxRrVPiQSXN9GS/jDxsw","preKeyId":14037550}},"BYSilEinsTGo3dQHuxtWAydPOZ1Dy5QvhnacgIRSVugG":{"registrationId":1868971393,"currentRatchet":{"ephemeralKeyPair":{"pubKey":"BXbaT0K1tqWE+PjffTgZ2RZ3NS6jcbu9RQZWPvmGt6NR","privKey":"QH0FteMlGPda4W9jQUqQStAkosGZrPkvZJ4Ok0jWhEs="},"lastRemoteEphemeralKey":"Bee6ZnImAkwqbzUE58o4pz3YNrdHE/n3IguiQEmcN6c+","previousCounter":0,"rootKey":"ZlSEhw7rhG3BZUFoau2IvlmEnmC2YaEE4S0k7SOxx3Q="},"indexInfo":{"baseKey":"BYSilEinsTGo3dQHuxtWAydPOZ1Dy5QvhnacgIRSVugG","baseKeyType":1,"closed":1686141230763,"used":1686141159352,"created":1686141159352,"remoteIdentityKey":"BW47gqv0eJmU7c8fZfZ+VL7taK64B3i0YiGXpCzvTF4L"},"_chains":{"BXbaT0K1tqWE+PjffTgZ2RZ3NS6jcbu9RQZWPvmGt6NR":{"chainKey":{"counter":8,"key":"UK+N3J8l09bRTg8tIc+uXYX1Z2yERG4mq0nzOBOe4kw="},"chainType":1,"messageKeys":{}}},"pendingPreKey":{"signedKeyId":1,"baseKey":"BYSilEinsTGo3dQHuxtWAydPOZ1Dy5QvhnacgIRSVugG","preKeyId":14036639}},"BaKspLd0Sz9K3CuP2YdAkLpa8M79uAqyCY21TMU7rtgl":{"registrationId":1868971393,"currentRatchet":{"ephemeralKeyPair":{"pubKey":"BUEq8atwzibVB1vnsZy6/wK3BkdQJacZFYrIONvU6XYY","privKey":"kMifm6n6NOxCpEchQ6H5A1JWJhsZGZBAmTEiukNY61k="},"lastRemoteEphemeralKey":"Bee6ZnImAkwqbzUE58o4pz3YNrdHE/n3IguiQEmcN6c+","previousCounter":0,"rootKey":"+IooNRl+0qGMQLHlbi0LV520P/sC1c4vfhFzJ2RJqO4="},"indexInfo":{"baseKey":"BaKspLd0Sz9K3CuP2YdAkLpa8M79uAqyCY21TMU7rtgl","baseKeyType":1,"closed":1686141235849,"used":1686141230739,"created":1686141230739,"remoteIdentityKey":"BW47gqv0eJmU7c8fZfZ+VL7taK64B3i0YiGXpCzvTF4L"},"_chains":{"BUEq8atwzibVB1vnsZy6/wK3BkdQJacZFYrIONvU6XYY":{"chainKey":{"counter":0,"key":"Y9/EhXDlcmFScfFQcSH09sw5xSktM5CMm5wMeUZIw+Q="},"chainType":1,"messageKeys":{}}},"pendingPreKey":{"signedKeyId":1,"baseKey":"BaKspLd0Sz9K3CuP2YdAkLpa8M79uAqyCY21TMU7rtgl","preKeyId":14036360}},"BZbRb9a3EWEExEyf4c3W8M40hhwfVBNw6uOpcgRgLk4c":{"registrationId":1868971393,"currentRatchet":{"ephemeralKeyPair":{"pubKey":"BRNE6MbiwKk89jdThdxlHkys1+MCY/Q2p8tAhp0PNYRU","privKey":"gPbArY0591B0n9OWAwafcM6pEVKgXr5sOjfSPTaFPGc="},"lastRemoteEphemeralKey":"Bee6ZnImAkwqbzUE58o4pz3YNrdHE/n3IguiQEmcN6c+","previousCounter":0,"rootKey":"htyBssqQTCGjkgbyDDqr2fP5a+OvcUnl8YkYcWmheME="},"indexInfo":{"baseKey":"BZbRb9a3EWEExEyf4c3W8M40hhwfVBNw6uOpcgRgLk4c","baseKeyType":1,"closed":1686141256602,"used":1686141235831,"created":1686141235831,"remoteIdentityKey":"BW47gqv0eJmU7c8fZfZ+VL7taK64B3i0YiGXpCzvTF4L"},"_chains":{"BRNE6MbiwKk89jdThdxlHkys1+MCY/Q2p8tAhp0PNYRU":{"chainKey":{"counter":1,"key":"GbgAuODVHhIKGL+FD7PUuclCSRY0b0Kpmk3VPhmSfZw="},"chainType":1,"messageKeys":{}}},"pendingPreKey":{"signedKeyId":1,"baseKey":"BZbRb9a3EWEExEyf4c3W8M40hhwfVBNw6uOpcgRgLk4c","preKeyId":14037474}},"Bakc2vVEZVVlztNuWUeQ9KGX8joVAEuoCZe4PFAvmdcD":{"registrationId":1868971393,"currentRatchet":{"ephemeralKeyPair":{"pubKey":"BaHp80K3iYqDH8M4HtpLofkyoB3Q0z/4Y4fZxC2zWVQa","privKey":"kKyU9HZuziwhVixOOlNZ53RHeW8w9Ng6igZlrhKNx0A="},"lastRemoteEphemeralKey":"Bee6ZnImAkwqbzUE58o4pz3YNrdHE/n3IguiQEmcN6c+","previousCounter":0,"rootKey":"LqlCEWdP5ycdU95SlTd3cDAP3f/EGxggel1ZzchInTE="},"indexInfo":{"baseKey":"Bakc2vVEZVVlztNuWUeQ9KGX8joVAEuoCZe4PFAvmdcD","baseKeyType":1,"closed":1686141260925,"used":1686141256591,"created":1686141256591,"remoteIdentityKey":"BW47gqv0eJmU7c8fZfZ+VL7taK64B3i0YiGXpCzvTF4L"},"_chains":{"BaHp80K3iYqDH8M4HtpLofkyoB3Q0z/4Y4fZxC2zWVQa":{"chainKey":{"counter":0,"key":"ZZdeu7oPL49qhwdnr6vphI8WY3sDTUbkEZ7wPPIieTk="},"chainType":1,"messageKeys":{}}},"pendingPreKey":{"signedKeyId":1,"baseKey":"Bakc2vVEZVVlztNuWUeQ9KGX8joVAEuoCZe4PFAvmdcD","preKeyId":14037441}},"BYZCNHZaIugWPyJmqNhIJNJmgdqHCzoGyRhApi8Ydk5C":{"registrationId":1868971393,"currentRatchet":{"ephemeralKeyPair":{"pubKey":"Bc+rrpRqTn0JlKYoU+hgrPRMulEcZZuAlvxBMilzrHxb","privKey":"oM+JUePyN16JqJ20eMi+miPzpNzBO/Cqrp1YyqTeGHQ="},"lastRemoteEphemeralKey":"Bee6ZnImAkwqbzUE58o4pz3YNrdHE/n3IguiQEmcN6c+","previousCounter":0,"rootKey":"yNQ4sUCcgpnwaMWpmIZx0qWNReq+umiWvW/I74mzyCs="},"indexInfo":{"baseKey":"BYZCNHZaIugWPyJmqNhIJNJmgdqHCzoGyRhApi8Ydk5C","baseKeyType":1,"closed":1686141271356,"used":1686141260919,"created":1686141260919,"remoteIdentityKey":"BW47gqv0eJmU7c8fZfZ+VL7taK64B3i0YiGXpCzvTF4L"},"_chains":{"Bc+rrpRqTn0JlKYoU+hgrPRMulEcZZuAlvxBMilzrHxb":{"chainKey":{"counter":3,"key":"gADpn+mya2mCw3QCn1CwQKEAOMUmhC4pt14kwvVFwZs="},"chainType":1,"messageKeys":{}}},"pendingPreKey":{"signedKeyId":1,"baseKey":"BYZCNHZaIugWPyJmqNhIJNJmgdqHCzoGyRhApi8Ydk5C","preKeyId":14036622}},"BV12S+VOBWRkZvcGmxPO5IgEXbf15NKVLz+Puo8O62Uk":{"registrationId":1868971393,"currentRatchet":{"ephemeralKeyPair":{"pubKey":"Be3hrwsItlgP16AuYqVl1H4AJymxMYxJvcR3z4OrFbcZ","privKey":"2L/+aGhS1jopVElkYRMNX4UndGDtd54s9WFJeMcKZX4="},"lastRemoteEphemeralKey":"Bee6ZnImAkwqbzUE58o4pz3YNrdHE/n3IguiQEmcN6c+","previousCounter":0,"rootKey":"Lij6gLbAxJ9hlfZ1snZhM2a/IpWg6OPPPgUx4oJcbCk="},"indexInfo":{"baseKey":"BV12S+VOBWRkZvcGmxPO5IgEXbf15NKVLz+Puo8O62Uk","baseKeyType":1,"closed":1686141273680,"used":1686141271351,"created":1686141271351,"remoteIdentityKey":"BW47gqv0eJmU7c8fZfZ+VL7taK64B3i0YiGXpCzvTF4L"},"_chains":{"Be3hrwsItlgP16AuYqVl1H4AJymxMYxJvcR3z4OrFbcZ":{"chainKey":{"counter":0,"key":"xhlIjxpBRJptM9QIDVvDMaZloU/B8hP2iZsM6sBNwYU="},"chainType":1,"messageKeys":{}}},"pendingPreKey":{"signedKeyId":1,"baseKey":"BV12S+VOBWRkZvcGmxPO5IgEXbf15NKVLz+Puo8O62Uk","preKeyId":14037467}},"BTHvJbTuh3jQdkvO5G9K28oFM0I5moSZjBTlqcUfpMoN":{"registrationId":1868971393,"currentRatchet":{"ephemeralKeyPair":{"pubKey":"BaWzpjWOo1igcMohjAWoQrtJrRTW5axJ54JxLwk5BIwP","privKey":"yGN1zs3j3JsM/1EDNioiR76H6vGhLTV1xi5MezX932w="},"lastRemoteEphemeralKey":"Bee6ZnImAkwqbzUE58o4pz3YNrdHE/n3IguiQEmcN6c+","previousCounter":0,"rootKey":"009G5AY5nQ3ObtydML7yiqyH5cIHD5z0awxFxt4aAzE="},"indexInfo":{"baseKey":"BTHvJbTuh3jQdkvO5G9K28oFM0I5moSZjBTlqcUfpMoN","baseKeyType":1,"closed":1686141281048,"used":1686141273673,"created":1686141273673,"remoteIdentityKey":"BW47gqv0eJmU7c8fZfZ+VL7taK64B3i0YiGXpCzvTF4L"},"_chains":{"BaWzpjWOo1igcMohjAWoQrtJrRTW5axJ54JxLwk5BIwP":{"chainKey":{"counter":2,"key":"fQ6TTjC9TnECMZ6F5cs/PrhkkJ6QS4w/X0brzyEXZNE="},"chainType":1,"messageKeys":{}}},"pendingPreKey":{"signedKeyId":1,"baseKey":"BTHvJbTuh3jQdkvO5G9K28oFM0I5moSZjBTlqcUfpMoN","preKeyId":14036616}},"BXDEcE2/S7vO4tK2P1OjXvyksz+2BPRV4HI27YQ4DYQm":{"registrationId":1868971393,"currentRatchet":{"ephemeralKeyPair":{"pubKey":"BbGM8vVQuzql5TOP1Mwttb2QkadzqbijDxdmQsmoEsQM","privKey":"MMASPcy/mJzWZwQTkyUHtFoiYfonHYGKYBLR5js02GA="},"lastRemoteEphemeralKey":"Bee6ZnImAkwqbzUE58o4pz3YNrdHE/n3IguiQEmcN6c+","previousCounter":0,"rootKey":"s8FnLR2IpMe1FKv+OJdYxr1TDgh3BOa3vd1zVe4YBEE="},"indexInfo":{"baseKey":"BXDEcE2/S7vO4tK2P1OjXvyksz+2BPRV4HI27YQ4DYQm","baseKeyType":1,"closed":1686141284636,"used":1686141281044,"created":1686141281044,"remoteIdentityKey":"BW47gqv0eJmU7c8fZfZ+VL7taK64B3i0YiGXpCzvTF4L"},"_chains":{"BbGM8vVQuzql5TOP1Mwttb2QkadzqbijDxdmQsmoEsQM":{"chainKey":{"counter":1,"key":"GFieE478R54MKe70NnZT4Sh5N94adawrozP/ElcQI7I="},"chainType":1,"messageKeys":{}}},"pendingPreKey":{"signedKeyId":1,"baseKey":"BXDEcE2/S7vO4tK2P1OjXvyksz+2BPRV4HI27YQ4DYQm","preKeyId":14036704}},"BYKNNWJqt2wAWyZYQz+MZlEErvh5Fbz3iZ3qPGPWVcdX":{"registrationId":1868971393,"currentRatchet":{"ephemeralKeyPair":{"pubKey":"BcLIsAmSGZ0Ec5oMzuwdm7pD5JEfwu/yeEPRCubrzl9E","privKey":"4CpQ8HG1kJ8ju5vB1aH9/T6cYRjCbPKgVDOGAhcJAHo="},"lastRemoteEphemeralKey":"Bee6ZnImAkwqbzUE58o4pz3YNrdHE/n3IguiQEmcN6c+","previousCounter":0,"rootKey":"qOxlIHpPPayD6ATnVIsURIDT/nhzvr+L1EX2oRVYGtU="},"indexInfo":{"baseKey":"BYKNNWJqt2wAWyZYQz+MZlEErvh5Fbz3iZ3qPGPWVcdX","baseKeyType":1,"closed":1686141287455,"used":1686141284633,"created":1686141284633,"remoteIdentityKey":"BW47gqv0eJmU7c8fZfZ+VL7taK64B3i0YiGXpCzvTF4L"},"_chains":{"BcLIsAmSGZ0Ec5oMzuwdm7pD5JEfwu/yeEPRCubrzl9E":{"chainKey":{"counter":0,"key":"recwyKv8ZIshcLPnrqZRn+6CeJUxRwkCsahXpJ9aVJE="},"chainType":1,"messageKeys":{}}},"pendingPreKey":{"signedKeyId":1,"baseKey":"BYKNNWJqt2wAWyZYQz+MZlEErvh5Fbz3iZ3qPGPWVcdX","preKeyId":14036726}},"BUXIbgGLBHT5nCB5XAZ0Ue+EkWiJ+Pvjk2RPqr0454tH":{"registrationId":1868971393,"currentRatchet":{"ephemeralKeyPair":{"pubKey":"BWXcFWtUMora6aF0gxb69CD45zJKVyhIRpHmZ5RPAOo0","privKey":"YEjMpc2PI7DauIALDXsAPxb0vL6yfUK7TS8O8QXrp14="},"lastRemoteEphemeralKey":"Bee6ZnImAkwqbzUE58o4pz3YNrdHE/n3IguiQEmcN6c+","previousCounter":0,"rootKey":"rrWfp/2I1g6XQDohflJoosR4l7s1bAgKS8tAgn/wGv8="},"indexInfo":{"baseKey":"BUXIbgGLBHT5nCB5XAZ0Ue+EkWiJ+Pvjk2RPqr0454tH","baseKeyType":1,"closed":1686141293590,"used":1686141287418,"created":1686141287418,"remoteIdentityKey":"BW47gqv0eJmU7c8fZfZ+VL7taK64B3i0YiGXpCzvTF4L"},"_chains":{"BWXcFWtUMora6aF0gxb69CD45zJKVyhIRpHmZ5RPAOo0":{"chainKey":{"counter":1,"key":"RYDJ/tioyignJsgNe4bNZ9dAXY9/T1T/iY+gPd4/y14="},"chainType":1,"messageKeys":{}}},"pendingPreKey":{"signedKeyId":1,"baseKey":"BUXIbgGLBHT5nCB5XAZ0Ue+EkWiJ+Pvjk2RPqr0454tH","preKeyId":14037684}},"BXPkt57nAcU5xrp/apMDa7Rqfj4X4ljU9a111HfOHNY6":{"registrationId":1868971393,"currentRatchet":{"ephemeralKeyPair":{"pubKey":"BfQey1e+EozTnHS/gZcQckj61ec+sg8xnqRN+ZHrIUYY","privKey":"mKdCU5JMfuHZe1MU2Sd+ozjSGIPiVu64WHBHF6pWO2s="},"lastRemoteEphemeralKey":"Bee6ZnImAkwqbzUE58o4pz3YNrdHE/n3IguiQEmcN6c+","previousCounter":0,"rootKey":"055lcOAEiLDbB0elPM/8jLsmGAYT0Zlxnoh15ZD7i0w="},"indexInfo":{"baseKey":"BXPkt57nAcU5xrp/apMDa7Rqfj4X4ljU9a111HfOHNY6","baseKeyType":1,"closed":1686141300479,"used":1686141293586,"created":1686141293586,"remoteIdentityKey":"BW47gqv0eJmU7c8fZfZ+VL7taK64B3i0YiGXpCzvTF4L"},"_chains":{"BfQey1e+EozTnHS/gZcQckj61ec+sg8xnqRN+ZHrIUYY":{"chainKey":{"counter":1,"key":"75q4setJcIiDUAu7xTNDLv//d6FTvVE1dg2/LAGnLHE="},"chainType":1,"messageKeys":{}}},"pendingPreKey":{"signedKeyId":1,"baseKey":"BXPkt57nAcU5xrp/apMDa7Rqfj4X4ljU9a111HfOHNY6","preKeyId":14036659}},"BSNwq9FW+SVJtKGEbvmsxa4gVw9fw8RGrR0LBOE6EP0g":{"registrationId":1868971393,"currentRatchet":{"ephemeralKeyPair":{"pubKey":"BSMUvb0N5S+x3M9Sfwcqn7OfXbcqJ7NWvRhBD96H6DY/","privKey":"ABUaQX4XdSzCI9BY+Co0g04neQ3TXDvlXinH6uF2qHk="},"lastRemoteEphemeralKey":"Bee6ZnImAkwqbzUE58o4pz3YNrdHE/n3IguiQEmcN6c+","previousCounter":0,"rootKey":"HvyFM9SzpuBG075kDxvY1SM+iTTtWdh+OVovlru8bfE="},"indexInfo":{"baseKey":"BSNwq9FW+SVJtKGEbvmsxa4gVw9fw8RGrR0LBOE6EP0g","baseKeyType":1,"closed":1686141311172,"used":1686141300448,"created":1686141300448,"remoteIdentityKey":"BW47gqv0eJmU7c8fZfZ+VL7taK64B3i0YiGXpCzvTF4L"},"_chains":{"BSMUvb0N5S+x3M9Sfwcqn7OfXbcqJ7NWvRhBD96H6DY/":{"chainKey":{"counter":2,"key":"B8eEf+r+pcHTYOaYGKQADKBQJ8S55FnjTPOieVgUSu0="},"chainType":1,"messageKeys":{}}},"pendingPreKey":{"signedKeyId":1,"baseKey":"BSNwq9FW+SVJtKGEbvmsxa4gVw9fw8RGrR0LBOE6EP0g","preKeyId":14037432}},"BUDLJhHsWXDxwgaV5jNaZDoXKKrh6ZWOtbnToFQ3xr5b":{"registrationId":1868971393,"currentRatchet":{"ephemeralKeyPair":{"pubKey":"BeOJYJ3viBRXn4lHYX5vOsFYTEEb+TGWdsZPm0RcxEVM","privKey":"GJuCiDkUJbVwDboVe4WpqcV8eaO4qoDqpt4vo5gve2k="},"lastRemoteEphemeralKey":"Bee6ZnImAkwqbzUE58o4pz3YNrdHE/n3IguiQEmcN6c+","previousCounter":0,"rootKey":"7EFwZpYlGxe2r7lsL1MblsKdyo0N2xuzM209gKdYrtY="},"indexInfo":{"baseKey":"BUDLJhHsWXDxwgaV5jNaZDoXKKrh6ZWOtbnToFQ3xr5b","baseKeyType":1,"closed":1686141351718,"used":1686141311169,"created":1686141311169,"remoteIdentityKey":"BW47gqv0eJmU7c8fZfZ+VL7taK64B3i0YiGXpCzvTF4L"},"_chains":{"BeOJYJ3viBRXn4lHYX5vOsFYTEEb+TGWdsZPm0RcxEVM":{"chainKey":{"counter":5,"key":"pJhM+ckC21PrQ0HZgwCbM1MSSBeBRZyk5z+rUSv3xGM="},"chainType":1,"messageKeys":{}}},"pendingPreKey":{"signedKeyId":1,"baseKey":"BUDLJhHsWXDxwgaV5jNaZDoXKKrh6ZWOtbnToFQ3xr5b","preKeyId":14037451}},"BYOds5hXwWnjsySJeQcmN+Y1B1YqIXa23W0fsrKQFCoZ":{"registrationId":1868971393,"currentRatchet":{"ephemeralKeyPair":{"pubKey":"BSRlzn91Gcad1Gjc2WdmrThHMOBlf4NtXaCEpakb0Y0j","privKey":"QHOqaAJ0A5q7KaptSojTUzXARebah8DDEw4v2kXKBEo="},"lastRemoteEphemeralKey":"Bee6ZnImAkwqbzUE58o4pz3YNrdHE/n3IguiQEmcN6c+","previousCounter":0,"rootKey":"bw5Us5fZFCTrXXgsuw7MsR6wtcOm9PdqB05UD8mtlzY="},"indexInfo":{"baseKey":"BYOds5hXwWnjsySJeQcmN+Y1B1YqIXa23W0fsrKQFCoZ","baseKeyType":1,"closed":1686141355538,"used":1686141351352,"created":1686141351352,"remoteIdentityKey":"BW47gqv0eJmU7c8fZfZ+VL7taK64B3i0YiGXpCzvTF4L"},"_chains":{"BSRlzn91Gcad1Gjc2WdmrThHMOBlf4NtXaCEpakb0Y0j":{"chainKey":{"counter":0,"key":"2vB6SbJ6sPw2i6CCgKFHxNzrSGGDGGh93Gj7Uc7yL5c="},"chainType":1,"messageKeys":{}}},"pendingPreKey":{"signedKeyId":1,"baseKey":"BYOds5hXwWnjsySJeQcmN+Y1B1YqIXa23W0fsrKQFCoZ","preKeyId":14037469}},"BapTdZSwWWy3Pa3HCjJVsDUBUtQDwY2f03oMEcQn2w8n":{"registrationId":1868971393,"currentRatchet":{"ephemeralKeyPair":{"pubKey":"BWprKxKKivLzA40CKRe9VDq1nCGhYN5rxZF/AuGflzwX","privKey":"GP8szJLD9s5T0HQtTsV5LtZ6+OaTzuD6iYk55ePoqUI="},"lastRemoteEphemeralKey":"Bee6ZnImAkwqbzUE58o4pz3YNrdHE/n3IguiQEmcN6c+","previousCounter":0,"rootKey":"1+ZFsRJLnEydOlhFo41UJkA+VtI0IQ0pvIpxzi7j/2c="},"indexInfo":{"baseKey":"BapTdZSwWWy3Pa3HCjJVsDUBUtQDwY2f03oMEcQn2w8n","baseKeyType":1,"closed":1686141363121,"used":1686141355530,"created":1686141355530,"remoteIdentityKey":"BW47gqv0eJmU7c8fZfZ+VL7taK64B3i0YiGXpCzvTF4L"},"_chains":{"BWprKxKKivLzA40CKRe9VDq1nCGhYN5rxZF/AuGflzwX":{"chainKey":{"counter":1,"key":"p4GCpvhJv0ZyDDfuuWWez1lsN+JJFmLWtouvvsa2BQw="},"chainType":1,"messageKeys":{}}},"pendingPreKey":{"signedKeyId":1,"baseKey":"BapTdZSwWWy3Pa3HCjJVsDUBUtQDwY2f03oMEcQn2w8n","preKeyId":14037371}},"BciyIc61UR6oVZX3Ox3IuYhsyAAYJVrANaSgJJB6cIBl":{"registrationId":1868971393,"currentRatchet":{"ephemeralKeyPair":{"pubKey":"BRrwPlAsC6RGJ/Tr8RSsJL637FzyrZuRGTfS8L/D7LsT","privKey":"2B4lIgKGZq+UchLe4E3TDpp3kiECURhDHpFU0GNbmlo="},"lastRemoteEphemeralKey":"Bee6ZnImAkwqbzUE58o4pz3YNrdHE/n3IguiQEmcN6c+","previousCounter":0,"rootKey":"RaxdMvsVuY8rgO91mZzp0hdu50pukuoqcdMEtUzIjsQ="},"indexInfo":{"baseKey":"BciyIc61UR6oVZX3Ox3IuYhsyAAYJVrANaSgJJB6cIBl","baseKeyType":1,"closed":1686141366827,"used":1686141363101,"created":1686141363101,"remoteIdentityKey":"BW47gqv0eJmU7c8fZfZ+VL7taK64B3i0YiGXpCzvTF4L"},"_chains":{"BRrwPlAsC6RGJ/Tr8RSsJL637FzyrZuRGTfS8L/D7LsT":{"chainKey":{"counter":0,"key":"yrjf0hw4io8Dj7toQXCmE/m+qnecokE/IErGG+KL2ds="},"chainType":1,"messageKeys":{}}},"pendingPreKey":{"signedKeyId":1,"baseKey":"BciyIc61UR6oVZX3Ox3IuYhsyAAYJVrANaSgJJB6cIBl","preKeyId":14037614}},"BWUIPQe14kUjElcXIgpknHJ/7tnOs6akaLk3nBGH+Txi":{"registrationId":1868971393,"currentRatchet":{"ephemeralKeyPair":{"pubKey":"BRToeeQgyosfOjNGNLqwClhtgbBKUJi+8XtArjbPw5EM","privKey":"WN5ELtGe2900Fb4qIDPDxgrRgbt0bBTNBlG2SAS9Jm0="},"lastRemoteEphemeralKey":"Bee6ZnImAkwqbzUE58o4pz3YNrdHE/n3IguiQEmcN6c+","previousCounter":0,"rootKey":"yWIJXhR27j00E8zG0jijAKYDEhS9kIou0uIXh7DPAr0="},"indexInfo":{"baseKey":"BWUIPQe14kUjElcXIgpknHJ/7tnOs6akaLk3nBGH+Txi","baseKeyType":1,"closed":1686141370748,"used":1686141366811,"created":1686141366811,"remoteIdentityKey":"BW47gqv0eJmU7c8fZfZ+VL7taK64B3i0YiGXpCzvTF4L"},"_chains":{"BRToeeQgyosfOjNGNLqwClhtgbBKUJi+8XtArjbPw5EM":{"chainKey":{"counter":0,"key":"J8Udt3a5qJi3HKjIOiy26kLi/oloAco0vbwEXZlVuns="},"chainType":1,"messageKeys":{}}},"pendingPreKey":{"signedKeyId":1,"baseKey":"BWUIPQe14kUjElcXIgpknHJ/7tnOs6akaLk3nBGH+Txi","preKeyId":14037388}},"BXhKZdsWsMXtfsIShldtKmMKqVWq80DetuhRYrOg7PVD":{"registrationId":1868971393,"currentRatchet":{"ephemeralKeyPair":{"pubKey":"BcHuG5ehvmEe+ikeugVicvoTOgVKejzCA1QcLRiWeaEi","privKey":"KOPGR45EPvCMNnFntgNXY33WuB70MPGOGmasFWDrOGs="},"lastRemoteEphemeralKey":"Bee6ZnImAkwqbzUE58o4pz3YNrdHE/n3IguiQEmcN6c+","previousCounter":0,"rootKey":"LgvvkiDjCcuoXQhXJdxd3ugbFcvg2Bc2Vn1fTqE4E+A="},"indexInfo":{"baseKey":"BXhKZdsWsMXtfsIShldtKmMKqVWq80DetuhRYrOg7PVD","baseKeyType":1,"closed":1686141395271,"used":1686141370734,"created":1686141370734,"remoteIdentityKey":"BW47gqv0eJmU7c8fZfZ+VL7taK64B3i0YiGXpCzvTF4L"},"_chains":{"BcHuG5ehvmEe+ikeugVicvoTOgVKejzCA1QcLRiWeaEi":{"chainKey":{"counter":1,"key":"CIZHg9tgjrMD+G8UMnL+/KwSQfgPJHJLBEs0M601H1k="},"chainType":1,"messageKeys":{}}},"pendingPreKey":{"signedKeyId":1,"baseKey":"BXhKZdsWsMXtfsIShldtKmMKqVWq80DetuhRYrOg7PVD","preKeyId":14036460}},"BRu5qeicgxJoWQnlwnZOYQwpS3teGDnc0Jx0Ibjw9KcA":{"registrationId":1868971393,"currentRatchet":{"ephemeralKeyPair":{"pubKey":"BUNMaGZr/Gw14LpH7KglUNQr5ucG8Y+NUeaiqySsYoEm","privKey":"SI5HVC2sFmGoXaFrXi7PdiIlSVCUiPCA2PEaKiW5bGw="},"lastRemoteEphemeralKey":"Bee6ZnImAkwqbzUE58o4pz3YNrdHE/n3IguiQEmcN6c+","previousCounter":0,"rootKey":"Q4D0EdtSYOVqzrVZLQYdnE4D+TLZvtalzBUXMO3sQhM="},"indexInfo":{"baseKey":"BRu5qeicgxJoWQnlwnZOYQwpS3teGDnc0Jx0Ibjw9KcA","baseKeyType":1,"closed":1686141399385,"used":1686141395268,"created":1686141395268,"remoteIdentityKey":"BW47gqv0eJmU7c8fZfZ+VL7taK64B3i0YiGXpCzvTF4L"},"_chains":{"BUNMaGZr/Gw14LpH7KglUNQr5ucG8Y+NUeaiqySsYoEm":{"chainKey":{"counter":0,"key":"6E0+lPEmk/oy88PmODiPmR2aVgT1xnZbGeJtmsQtq6s="},"chainType":1,"messageKeys":{}}},"pendingPreKey":{"signedKeyId":1,"baseKey":"BRu5qeicgxJoWQnlwnZOYQwpS3teGDnc0Jx0Ibjw9KcA","preKeyId":14037420}},"BaOv20tQjDtl9V89R+PzVdF0E5N3z5c4yBEIyRDGBddo":{"registrationId":1868971393,"currentRatchet":{"ephemeralKeyPair":{"pubKey":"BbJIN55yKyNsxVN4wVvd6XBpsKPv1WmwJb9/akY68oQ9","privKey":"cHLaLGS6xp4QpQmRWSZxwEfivfh5gtBpvGAmvpnjcFY="},"lastRemoteEphemeralKey":"Bee6ZnImAkwqbzUE58o4pz3YNrdHE/n3IguiQEmcN6c+","previousCounter":0,"rootKey":"XfhFfy3ZGPfJDZ6ks0KnsnIASqQnfXaaSP87TWyOSmI="},"indexInfo":{"baseKey":"BaOv20tQjDtl9V89R+PzVdF0E5N3z5c4yBEIyRDGBddo","baseKeyType":1,"closed":1686141406173,"used":1686141399369,"created":1686141399369,"remoteIdentityKey":"BW47gqv0eJmU7c8fZfZ+VL7taK64B3i0YiGXpCzvTF4L"},"_chains":{"BbJIN55yKyNsxVN4wVvd6XBpsKPv1WmwJb9/akY68oQ9":{"chainKey":{"counter":1,"key":"Z+zQXbvJxecQxNs4JlsUB2PBMi0lkdzHAy8VTggdUo0="},"chainType":1,"messageKeys":{}}},"pendingPreKey":{"signedKeyId":1,"baseKey":"BaOv20tQjDtl9V89R+PzVdF0E5N3z5c4yBEIyRDGBddo","preKeyId":14036660}},"BcMrYXfKuB8e1UL/szpogCEM5T3lg8R05T0mHVGKGyEz":{"registrationId":1868971393,"currentRatchet":{"ephemeralKeyPair":{"pubKey":"BTUNUWf9TwV3uo5pq7MWbNI27rXanMLTPmoEGDxIBzF+","privKey":"EGOpqio/q2B5Zb9sDLF5q0OD3KegFSMC4QVd11pA7Xk="},"lastRemoteEphemeralKey":"Bee6ZnImAkwqbzUE58o4pz3YNrdHE/n3IguiQEmcN6c+","previousCounter":0,"rootKey":"FcTteXGL/xJOlxyi1Exv79EjlofrFTyk9Tc8FE5RKV8="},"indexInfo":{"baseKey":"BcMrYXfKuB8e1UL/szpogCEM5T3lg8R05T0mHVGKGyEz","baseKeyType":1,"closed":1686141416752,"used":1686141405858,"created":1686141405858,"remoteIdentityKey":"BW47gqv0eJmU7c8fZfZ+VL7taK64B3i0YiGXpCzvTF4L"},"_chains":{"BTUNUWf9TwV3uo5pq7MWbNI27rXanMLTPmoEGDxIBzF+":{"chainKey":{"counter":2,"key":"8U9+gg6aXeUDhi//C9QSZ1spshAnCFFtM1zOM+UqKgo="},"chainType":1,"messageKeys":{}}},"pendingPreKey":{"signedKeyId":1,"baseKey":"BcMrYXfKuB8e1UL/szpogCEM5T3lg8R05T0mHVGKGyEz","preKeyId":14036703}},"BfAulL4R02VYT7KlAH5ut2hajDyU3NfufNBvsn0aovdx":{"registrationId":1868971393,"currentRatchet":{"ephemeralKeyPair":{"pubKey":"BY8dGWeZf6EAKBL9ZJNIwa+DfdffSAgmeqPAgH/sgLh0","privKey":"4AD3d+l34J4dtjxmIFIklQ9bPm8DDW4qWJ3SKUxndmA="},"lastRemoteEphemeralKey":"Bee6ZnImAkwqbzUE58o4pz3YNrdHE/n3IguiQEmcN6c+","previousCounter":0,"rootKey":"eRMKsoXaHC3AkcF+m4R2QkQmTUu/kZX+4mDfDofXLBk="},"indexInfo":{"baseKey":"BfAulL4R02VYT7KlAH5ut2hajDyU3NfufNBvsn0aovdx","baseKeyType":1,"closed":1686141424826,"used":1686141416735,"created":1686141416735,"remoteIdentityKey":"BW47gqv0eJmU7c8fZfZ+VL7taK64B3i0YiGXpCzvTF4L"},"_chains":{"BY8dGWeZf6EAKBL9ZJNIwa+DfdffSAgmeqPAgH/sgLh0":{"chainKey":{"counter":1,"key":"oSJd34o9B7nLdt062+nKtJ4xqYUZPEE9fDJkInunifI="},"chainType":1,"messageKeys":{}}},"pendingPreKey":{"signedKeyId":1,"baseKey":"BfAulL4R02VYT7KlAH5ut2hajDyU3NfufNBvsn0aovdx","preKeyId":14037431}},"BSTnWSj/nz5UuSsd+ljb9WodH+sywTQ/rMZUOdEeAH87":{"registrationId":1868971393,"currentRatchet":{"ephemeralKeyPair":{"pubKey":"BbyV8hLEbkdvb9Sxf3nw+NzOWfS5FQ8YaGNU05+zCc8L","privKey":"iKQgONwisXyTV6KeSABH5I6XLXatgqBV8HStpsDlymw="},"lastRemoteEphemeralKey":"Bee6ZnImAkwqbzUE58o4pz3YNrdHE/n3IguiQEmcN6c+","previousCounter":0,"rootKey":"Yixr35enJ5b4IuHSfcXZOb70zmhxLseuV1bcrlPi9rA="},"indexInfo":{"baseKey":"BSTnWSj/nz5UuSsd+ljb9WodH+sywTQ/rMZUOdEeAH87","baseKeyType":1,"closed":1686141477552,"used":1686141424821,"created":1686141424821,"remoteIdentityKey":"BW47gqv0eJmU7c8fZfZ+VL7taK64B3i0YiGXpCzvTF4L"},"_chains":{"BbyV8hLEbkdvb9Sxf3nw+NzOWfS5FQ8YaGNU05+zCc8L":{"chainKey":{"counter":6,"key":"Fh2opCEYyLxqiL/PkWhUgGklzu7NNeYPNBHC+rRaBLA="},"chainType":1,"messageKeys":{}}},"pendingPreKey":{"signedKeyId":1,"baseKey":"BSTnWSj/nz5UuSsd+ljb9WodH+sywTQ/rMZUOdEeAH87","preKeyId":14036709}},"BWqJQGjZvQFpnqHlM4hvJZ5YkNitW/IkpL9YP91kBjdN":{"registrationId":1868971393,"currentRatchet":{"ephemeralKeyPair":{"pubKey":"BfWGVoHFerBoJNGfEkxYo7oXs89ttTYRFB/N2lXDj8Yr","privKey":"QNNl1kdVKQ9sq4hYyuMaHqAUwtAKQ4Efs3+yGkg3wms="},"lastRemoteEphemeralKey":"Bee6ZnImAkwqbzUE58o4pz3YNrdHE/n3IguiQEmcN6c+","previousCounter":0,"rootKey":"7KYOqExZu1wqe5QnLGsS+lxMktFTM8t5ClayVq6uVO4="},"indexInfo":{"baseKey":"BWqJQGjZvQFpnqHlM4hvJZ5YkNitW/IkpL9YP91kBjdN","baseKeyType":1,"closed":1686141497180,"used":1686141477415,"created":1686141477415,"remoteIdentityKey":"BW47gqv0eJmU7c8fZfZ+VL7taK64B3i0YiGXpCzvTF4L"},"_chains":{"BfWGVoHFerBoJNGfEkxYo7oXs89ttTYRFB/N2lXDj8Yr":{"chainKey":{"counter":0,"key":"jJYv551JXF5mUuE5hXccspw44JaCVVyCaspDxlsK3wM="},"chainType":1,"messageKeys":{}}},"pendingPreKey":{"signedKeyId":1,"baseKey":"BWqJQGjZvQFpnqHlM4hvJZ5YkNitW/IkpL9YP91kBjdN","preKeyId":14037479}},"BRuv2AsYC3Y53TYFcZdyxoaiO+GAy7CVpH9+YLTNxlUi":{"registrationId":1868971393,"currentRatchet":{"ephemeralKeyPair":{"pubKey":"BduUuFWpUyykZHL8GbP+lzoiAVjzfrPHCN1FwqFKl+U/","privKey":"qIuKj7XlhrQJ3zJiGEeYcF978idCcqBFBAJrfTYrg34="},"lastRemoteEphemeralKey":"Bee6ZnImAkwqbzUE58o4pz3YNrdHE/n3IguiQEmcN6c+","previousCounter":0,"rootKey":"H9iIcwjDvrjWzwU0uy6ugDVtzy/oKA5epBozUOezRGk="},"indexInfo":{"baseKey":"BRuv2AsYC3Y53TYFcZdyxoaiO+GAy7CVpH9+YLTNxlUi","baseKeyType":1,"closed":1686141506954,"used":1686141497139,"created":1686141497139,"remoteIdentityKey":"BW47gqv0eJmU7c8fZfZ+VL7taK64B3i0YiGXpCzvTF4L"},"_chains":{"BduUuFWpUyykZHL8GbP+lzoiAVjzfrPHCN1FwqFKl+U/":{"chainKey":{"counter":0,"key":"Ef46RL2S6JWY+y6PoW4hPgRuFwgbifoiy8oyNva81vo="},"chainType":1,"messageKeys":{}}},"pendingPreKey":{"signedKeyId":1,"baseKey":"BRuv2AsYC3Y53TYFcZdyxoaiO+GAy7CVpH9+YLTNxlUi","preKeyId":14037427}},"BYE2pc7PdAeRuE/EZXs8+9qWBNQcbaYWxXuDVqeQE3kv":{"registrationId":1868971393,"currentRatchet":{"ephemeralKeyPair":{"pubKey":"BSdsQtoM/Gbj4tq17W9dwEUg199OmZ+eNUqdJGnMCWRX","privKey":"CBDGS2BaYwshviYfQmwV3Va6WfYOLmR0Ca1iP2PJzUo="},"lastRemoteEphemeralKey":"Bee6ZnImAkwqbzUE58o4pz3YNrdHE/n3IguiQEmcN6c+","previousCounter":0,"rootKey":"JmAtZYZ2dhjd/rr/0G88jpGO1K56hWa1145DCg6m6u4="},"indexInfo":{"baseKey":"BYE2pc7PdAeRuE/EZXs8+9qWBNQcbaYWxXuDVqeQE3kv","baseKeyType":1,"closed":1686141519435,"used":1686141506825,"created":1686141506825,"remoteIdentityKey":"BW47gqv0eJmU7c8fZfZ+VL7taK64B3i0YiGXpCzvTF4L"},"_chains":{"BSdsQtoM/Gbj4tq17W9dwEUg199OmZ+eNUqdJGnMCWRX":{"chainKey":{"counter":0,"key":"JL56OUTGTpFXDH8Jv2+13Nn3zOZ/+ILVuw0+f07QJwc="},"chainType":1,"messageKeys":{}}},"pendingPreKey":{"signedKeyId":1,"baseKey":"BYE2pc7PdAeRuE/EZXs8+9qWBNQcbaYWxXuDVqeQE3kv","preKeyId":14037393}},"BZmVqwBAhTBT016Tsj6ZGsIe0Aebv9BY52Gn+A3eUINJ":{"registrationId":1868971393,"currentRatchet":{"ephemeralKeyPair":{"pubKey":"BUHMRIKEz50T9VzZMHLV9pIgAsGVDowL/og9CPmJz1Vb","privKey":"CMP0leO+Qc1TJ/4miekt9lyNIZdpN/Q6GMMT1H3bX2o="},"lastRemoteEphemeralKey":"Bee6ZnImAkwqbzUE58o4pz3YNrdHE/n3IguiQEmcN6c+","previousCounter":0,"rootKey":"+H1wvcD8HqJiT9IMFoR2Ov0WtyWS7a0qS1Q0xJx1Mm0="},"indexInfo":{"baseKey":"BZmVqwBAhTBT016Tsj6ZGsIe0Aebv9BY52Gn+A3eUINJ","baseKeyType":1,"closed":1686141535933,"used":1686141519395,"created":1686141519395,"remoteIdentityKey":"BW47gqv0eJmU7c8fZfZ+VL7taK64B3i0YiGXpCzvTF4L"},"_chains":{"BUHMRIKEz50T9VzZMHLV9pIgAsGVDowL/og9CPmJz1Vb":{"chainKey":{"counter":1,"key":"NHl4UV3CQ2KO1Vjaxqb2o1u6PAK+Pso228cTNgL+KS4="},"chainType":1,"messageKeys":{}}},"pendingPreKey":{"signedKeyId":1,"baseKey":"BZmVqwBAhTBT016Tsj6ZGsIe0Aebv9BY52Gn+A3eUINJ","preKeyId":14037366}},"Bf5g823o+M3GpfhW0rMJp67ZYQR0mEmsEJB3VjbsmpYB":{"registrationId":1868971393,"currentRatchet":{"ephemeralKeyPair":{"pubKey":"BSW/aMDwzKn+1Xsq2IIHGv9xPtwI/bL43iyjap4aMeAt","privKey":"uF3YhtH/iNzZnsmOD/cx9C/JFDS8HmFv/RrQKyxA4n8="},"lastRemoteEphemeralKey":"Bee6ZnImAkwqbzUE58o4pz3YNrdHE/n3IguiQEmcN6c+","previousCounter":0,"rootKey":"SGNJvk6RWJfHuuRu2gtkz9A6LUVlyVopVfhgc7f7xlc="},"indexInfo":{"baseKey":"Bf5g823o+M3GpfhW0rMJp67ZYQR0mEmsEJB3VjbsmpYB","baseKeyType":1,"closed":1686141562028,"used":1686141535841,"created":1686141535841,"remoteIdentityKey":"BW47gqv0eJmU7c8fZfZ+VL7taK64B3i0YiGXpCzvTF4L"},"_chains":{"BSW/aMDwzKn+1Xsq2IIHGv9xPtwI/bL43iyjap4aMeAt":{"chainKey":{"counter":2,"key":"dTZl6S9i8C+ZzUFM8juqXcmhvFWFzdCLW2wKGMQgn1s="},"chainType":1,"messageKeys":{}}},"pendingPreKey":{"signedKeyId":1,"baseKey":"Bf5g823o+M3GpfhW0rMJp67ZYQR0mEmsEJB3VjbsmpYB","preKeyId":14037681}},"Bbj4tZ2gEPTKCjt7upNWKvb1ICnHAUQbWDUxaliTIDkA":{"registrationId":1868971393,"currentRatchet":{"ephemeralKeyPair":{"pubKey":"BccIOF1DfE6VUJ62gpgK98uVbWEEFk6IfLWG2rCgDW9k","privKey":"0Dv6NeHwid9W2d+qNlBuNEEW3Qy5QS3tRY1sdJSqNHU="},"lastRemoteEphemeralKey":"Bee6ZnImAkwqbzUE58o4pz3YNrdHE/n3IguiQEmcN6c+","previousCounter":0,"rootKey":"F/wSjr3dyTlKLpW8oIqybWDDwXXKrwznH5MNJtCQ4Vs="},"indexInfo":{"baseKey":"Bbj4tZ2gEPTKCjt7upNWKvb1ICnHAUQbWDUxaliTIDkA","baseKeyType":1,"closed":1686141576953,"used":1686141561966,"created":1686141561966,"remoteIdentityKey":"BW47gqv0eJmU7c8fZfZ+VL7taK64B3i0YiGXpCzvTF4L"},"_chains":{"BccIOF1DfE6VUJ62gpgK98uVbWEEFk6IfLWG2rCgDW9k":{"chainKey":{"counter":1,"key":"QC/hIWZXo9hK398FN0B2wn7vqaVBzgJrcIR3FHEy/os="},"chainType":1,"messageKeys":{}}},"pendingPreKey":{"signedKeyId":1,"baseKey":"Bbj4tZ2gEPTKCjt7upNWKvb1ICnHAUQbWDUxaliTIDkA","preKeyId":14036693}},"BUP2R5YrrivmQgZtrYTq3j7gIJp+agCqz890eP3VwUso":{"registrationId":1868971393,"currentRatchet":{"ephemeralKeyPair":{"pubKey":"BbUfh2ypc/pBuy5NHS2plc/XjgF/Tqtij7hY19k5Dp8P","privKey":"4J6IyNwMIVhplyBBkY27LLwcAPk0BtBLXa6BnSQWLU8="},"lastRemoteEphemeralKey":"Bee6ZnImAkwqbzUE58o4pz3YNrdHE/n3IguiQEmcN6c+","previousCounter":0,"rootKey":"eS4vP1ZioZiFgV1Cx9tPgow5YcSVW+3hTWqoHeDcias="},"indexInfo":{"baseKey":"BUP2R5YrrivmQgZtrYTq3j7gIJp+agCqz890eP3VwUso","baseKeyType":1,"closed":1686141593240,"used":1686141576911,"created":1686141576911,"remoteIdentityKey":"BW47gqv0eJmU7c8fZfZ+VL7taK64B3i0YiGXpCzvTF4L"},"_chains":{"BbUfh2ypc/pBuy5NHS2plc/XjgF/Tqtij7hY19k5Dp8P":{"chainKey":{"counter":3,"key":"rjD07EUzJIENkdQTstMqxfVs3v/pSNVqkPpN42noK2s="},"chainType":1,"messageKeys":{}}},"pendingPreKey":{"signedKeyId":1,"baseKey":"BUP2R5YrrivmQgZtrYTq3j7gIJp+agCqz890eP3VwUso","preKeyId":14037428}},"BXG22kYgr/w+K0jZ59ebeC+c2vT6jTMheQqLNhPdxck/":{"registrationId":1868971393,"currentRatchet":{"ephemeralKeyPair":{"pubKey":"BeYx2YeSdTdY4ug5W5dda5VFWZLClgyaMhMmQBy6yql2","privKey":"IBfuA0b/0g72boxoFDIJwv++M67Yu/AXIp+9eryh/lk="},"lastRemoteEphemeralKey":"Bee6ZnImAkwqbzUE58o4pz3YNrdHE/n3IguiQEmcN6c+","previousCounter":0,"rootKey":"YD9XMU4K3lRX5k/sNcjeV8K22LewRA3UiICuhuQlIm0="},"indexInfo":{"baseKey":"BXG22kYgr/w+K0jZ59ebeC+c2vT6jTMheQqLNhPdxck/","baseKeyType":1,"closed":1686141611914,"used":1686141593237,"created":1686141593237,"remoteIdentityKey":"BW47gqv0eJmU7c8fZfZ+VL7taK64B3i0YiGXpCzvTF4L"},"_chains":{"BeYx2YeSdTdY4ug5W5dda5VFWZLClgyaMhMmQBy6yql2":{"chainKey":{"counter":4,"key":"B4npL3pjTmahf+ADEt5Hvxl2Q5JVPFPlQGLVSGMig2M="},"chainType":1,"messageKeys":{}}},"pendingPreKey":{"signedKeyId":1,"baseKey":"BXG22kYgr/w+K0jZ59ebeC+c2vT6jTMheQqLNhPdxck/","preKeyId":14037647}},"BUCK61bDa4+YuHSM22PGQyEZTKuoFtlhEJS2iZYR1dpB":{"registrationId":1868971393,"currentRatchet":{"ephemeralKeyPair":{"pubKey":"BRMAdTkWdbLrqz082WJ/gY4YyE06SeMLEDXlHtpuBX1+","privKey":"EBrePow1CmmxeWQlKFsGwh4KrKtiF+/3iEAuvyde50I="},"lastRemoteEphemeralKey":"Bee6ZnImAkwqbzUE58o4pz3YNrdHE/n3IguiQEmcN6c+","previousCounter":0,"rootKey":"dO9oSHFbUIjzKFJK+aCLVr37SBOQHIbwCepTzn0YT5k="},"indexInfo":{"baseKey":"BUCK61bDa4+YuHSM22PGQyEZTKuoFtlhEJS2iZYR1dpB","baseKeyType":1,"closed":1686141630174,"used":1686141611897,"created":1686141611897,"remoteIdentityKey":"BW47gqv0eJmU7c8fZfZ+VL7taK64B3i0YiGXpCzvTF4L"},"_chains":{"BRMAdTkWdbLrqz082WJ/gY4YyE06SeMLEDXlHtpuBX1+":{"chainKey":{"counter":4,"key":"xmc1HeaG8RLJyotGd0aDKRxYe2UNj2hlL77e6ZwHUxs="},"chainType":1,"messageKeys":{}}},"pendingPreKey":{"signedKeyId":1,"baseKey":"BUCK61bDa4+YuHSM22PGQyEZTKuoFtlhEJS2iZYR1dpB","preKeyId":14037445}},"BX0JXEVfFxLLIDZWyeEO8t7xukroTtJAf/XE3WQ1i3Ru":{"registrationId":1868971393,"currentRatchet":{"ephemeralKeyPair":{"pubKey":"BSHl1reL2LpqeyNtVu47/NiKpIQ4KvsleXhBAmSYyChS","privKey":"SGAV8jIReTDqXC8yfpbTmH59Jh4AOhBAWZhCVRA/sVY="},"lastRemoteEphemeralKey":"Bee6ZnImAkwqbzUE58o4pz3YNrdHE/n3IguiQEmcN6c+","previousCounter":0,"rootKey":"+LWu+GKIJVyXChrt279vp+/N0+KSJodNuHbcn4+sDH8="},"indexInfo":{"baseKey":"BX0JXEVfFxLLIDZWyeEO8t7xukroTtJAf/XE3WQ1i3Ru","baseKeyType":1,"closed":-1,"used":1686141630158,"created":1686141630158,"remoteIdentityKey":"BW47gqv0eJmU7c8fZfZ+VL7taK64B3i0YiGXpCzvTF4L"},"_chains":{"BSHl1reL2LpqeyNtVu47/NiKpIQ4KvsleXhBAmSYyChS":{"chainKey":{"counter":11,"key":"Dn2Po8M5lJdhE4pnKwt6huXxtbUcj3gMHYlSct8XE6M="},"chainType":1,"messageKeys":{}}},"pendingPreKey":{"signedKeyId":1,"baseKey":"BX0JXEVfFxLLIDZWyeEO8t7xukroTtJAf/XE3WQ1i3Ru","preKeyId":14036664}}},"version":"v1"}