{"_sessions":{"BUMqcIHFvGbJuUf0yIQA3Yi+xCI3+7qZD/waa0js7/Vo":{"registrationId":202094995,"currentRatchet":{"ephemeralKeyPair":{"pubKey":"BfDt850i25iIR1lBmaHCjI8vzMacrTlzQFbJrVITmIVa","privKey":"YBMirSfhDfR34aU6jwBzcpLq1kTj1maA+WfJd0T1DUs="},"lastRemoteEphemeralKey":"BcFaZORaCfCNStAwlzcP+PDWrjDa2nDtu4ynvwRfNZhl","previousCounter":0,"rootKey":"yRh/IA4JZeQHFk6tJs2P8jAIoLevSDM62fPe1bxiKUc="},"indexInfo":{"baseKey":"BUMqcIHFvGbJuUf0yIQA3Yi+xCI3+7qZD/waa0js7/Vo","baseKeyType":1,"closed":-1,"used":1686138802391,"created":1686138802391,"remoteIdentityKey":"BSRlWOqLODu9DsYnHAg4WJ7WQ7ZMNp06UYMzUH3P9Vhp"},"_chains":{"BfDt850i25iIR1lBmaHCjI8vzMacrTlzQFbJrVITmIVa":{"chainKey":{"counter":263,"key":"aQjqcja4SajxIXA2djpWW6b1tOpdyfnnoCeYixt52VE="},"chainType":1,"messageKeys":{}}},"pendingPreKey":{"signedKeyId":0,"baseKey":"BUMqcIHFvGbJuUf0yIQA3Yi+xCI3+7qZD/waa0js7/Vo","preKeyId":15604156}}},"version":"v1"}