{"_sessions":{"BQUBGNjT7Gvuvc2to2sSv9gCLAO8YnzgHcehWL+vLXZ1":{"registrationId":1288013791,"currentRatchet":{"ephemeralKeyPair":{"pubKey":"BbE1MGWHhF+OvtroVfso/dXQbn6xQ5VA+4/7T9bDg4Rv","privKey":"SD4MV/VW6dESdLfDTrYa3X8q8adRKFgnIXhclak/PkQ="},"lastRemoteEphemeralKey":"BSmtZm8m+wkyArIob3djWlfgxA86ysp2twLNFYhPxU9O","previousCounter":0,"rootKey":"vmLufom7WDPEcUfkYmutbymBVF4bhOsmSrZJhHjZKBI="},"indexInfo":{"baseKey":"BQUBGNjT7Gvuvc2to2sSv9gCLAO8YnzgHcehWL+vLXZ1","baseKeyType":1,"closed":1686141046358,"used":1686138802890,"created":1686138802890,"remoteIdentityKey":"BQmwC0Oflgiw+wtE8y1qx09kNhGMMo4wMjcGaSdiSlUD"},"_chains":{"BbE1MGWHhF+OvtroVfso/dXQbn6xQ5VA+4/7T9bDg4Rv":{"chainKey":{"counter":152,"key":"YlWFCKbyty+VgpVBly7hV46um6FtpiZvzYITUxOh1zI="},"chainType":1,"messageKeys":{}}},"pendingPreKey":{"signedKeyId":1,"baseKey":"BQUBGNjT7Gvuvc2to2sSv9gCLAO8YnzgHcehWL+vLXZ1","preKeyId":11039909}},"BelfUoPiLLRzvz6XGwkT9PxFmUE1hR2voTxKyLDpQMkI":{"registrationId":1288013791,"currentRatchet":{"ephemeralKeyPair":{"pubKey":"BdSkhwxp0Xc+DZe7EQNLaxvYaSSiJLoECbDUjquD8rAc","privKey":"uISYgv19BXIT5C90ixtqqlCemG36jNX80RUSWvsdUnI="},"lastRemoteEphemeralKey":"BSmtZm8m+wkyArIob3djWlfgxA86ysp2twLNFYhPxU9O","previousCounter":0,"rootKey":"J1JTUfNVzguFHBGO3bB7uCYu7rZ4aYoU2fUGKjNi/bQ="},"indexInfo":{"baseKey":"BelfUoPiLLRzvz6XGwkT9PxFmUE1hR2voTxKyLDpQMkI","baseKeyType":1,"closed":-1,"used":1686141046338,"created":1686141046338,"remoteIdentityKey":"BQmwC0Oflgiw+wtE8y1qx09kNhGMMo4wMjcGaSdiSlUD"},"_chains":{"BdSkhwxp0Xc+DZe7EQNLaxvYaSSiJLoECbDUjquD8rAc":{"chainKey":{"counter":110,"key":"kMBts22H6FKb+77em3L0OM9A+XDfcOPC5LucccV8Beg="},"chainType":1,"messageKeys":{}}},"pendingPreKey":{"signedKeyId":1,"baseKey":"BelfUoPiLLRzvz6XGwkT9PxFmUE1hR2voTxKyLDpQMkI","preKeyId":11039948}}},"version":"v1"}