{"_sessions":{"BReeQPGjlsMaJOqPhWtNpKCmOxcPxTTqy0twceSZD65k":{"registrationId":235,"currentRatchet":{"ephemeralKeyPair":{"pubKey":"Bc4JaD2cHoMisr70BsfYBsoIpD/qp/2UQlEFQxuluZUn","privKey":"MEcucszls3GyZe7OORLMb+ATyjq+RUM77QI6KL+zgWE="},"lastRemoteEphemeralKey":"BWuM3QzyiU2yGbA/9p01xI6BNemcgwmEwzve9AQiv5VW","previousCounter":0,"rootKey":"pTWs0mKi7ylHU45N2HpjBld3TrDbBPdVzukx4oBf8qs="},"indexInfo":{"baseKey":"BReeQPGjlsMaJOqPhWtNpKCmOxcPxTTqy0twceSZD65k","baseKeyType":1,"closed":-1,"used":1686138796557,"created":1686138796557,"remoteIdentityKey":"BflsP9Usby2gVUd4aFoGQdhUymLr0XIDBAqPDy56wp9y"},"_chains":{"Bc4JaD2cHoMisr70BsfYBsoIpD/qp/2UQlEFQxuluZUn":{"chainKey":{"counter":263,"key":"5jvvEf6mzWOrapvB4XT/N1L9lnaWTLsfUq4gJuBANr4="},"chainType":1,"messageKeys":{}}},"pendingPreKey":{"signedKeyId":1,"baseKey":"BReeQPGjlsMaJOqPhWtNpKCmOxcPxTTqy0twceSZD65k"}}},"version":"v1"}