{"_sessions":{"Be9YjDszqpeV3gsMuQ4IP4hgIRRaJKylVU5z2xWwaJAm":{"registrationId":37143588,"currentRatchet":{"ephemeralKeyPair":{"pubKey":"BTMuaStQMnbnTt85Qz1WA/d80A0fwy9ARgcAM/jvHYw7","privKey":"KDjCTPEn3KjwCUkpoCUgjikX2/51oBJJpiLnQogn+FI="},"lastRemoteEphemeralKey":"BQtgB6EBAjg4/FpwT2ON0yT7frZGXBxIA+bfH/xBvAhJ","previousCounter":0,"rootKey":"pZWogauem9gcnSnfyMH5Gm4jskEgpFccEzpfFxfAiOY="},"indexInfo":{"baseKey":"Be9YjDszqpeV3gsMuQ4IP4hgIRRaJKylVU5z2xWwaJAm","baseKeyType":1,"closed":1686139107516,"used":1686138799652,"created":1686138799652,"remoteIdentityKey":"BWpeNa7gLXHmaU6kGmH3KHwdYYeJD7ItolVf3lsUOtpT"},"_chains":{"BTMuaStQMnbnTt85Qz1WA/d80A0fwy9ARgcAM/jvHYw7":{"chainKey":{"counter":6,"key":"t9edEwcgPNC2VqfoPwns+woGReEKUMEqtSZR3Qf2/b4="},"chainType":1,"messageKeys":{}}},"pendingPreKey":{"signedKeyId":1,"baseKey":"Be9YjDszqpeV3gsMuQ4IP4hgIRRaJKylVU5z2xWwaJAm","preKeyId":9292351}},"Bb7YrX3CD/czm2GMwYeDbX6oE9UKxkSUIyR9Whxe4Ywp":{"registrationId":37143588,"currentRatchet":{"ephemeralKeyPair":{"pubKey":"BQ/16N7d1qvgczs3Jlkx+s1b6hRnML1RxWlmjKqsiUgj","privKey":"KFGz1c8/y/6f/YTbU3+L39iDvEWE4tnELw0tnvnJpXQ="},"lastRemoteEphemeralKey":"BQtgB6EBAjg4/FpwT2ON0yT7frZGXBxIA+bfH/xBvAhJ","previousCounter":0,"rootKey":"9gaQq9jdnBLmlX9m4p8nyNSbbkANR6/l5OHe2fzyqQw="},"indexInfo":{"baseKey":"Bb7YrX3CD/czm2GMwYeDbX6oE9UKxkSUIyR9Whxe4Ywp","baseKeyType":1,"closed":-1,"used":1686139107436,"created":1686139107436,"remoteIdentityKey":"BWpeNa7gLXHmaU6kGmH3KHwdYYeJD7ItolVf3lsUOtpT"},"_chains":{"BQ/16N7d1qvgczs3Jlkx+s1b6hRnML1RxWlmjKqsiUgj":{"chainKey":{"counter":256,"key":"gxyXVKX1PTrDsenoRpCjCG8fRhJbyImPzbZ7iAdaLmg="},"chainType":1,"messageKeys":{}}},"pendingPreKey":{"signedKeyId":1,"baseKey":"Bb7YrX3CD/czm2GMwYeDbX6oE9UKxkSUIyR9Whxe4Ywp","preKeyId":9291639}}},"version":"v1"}