{"_sessions":{"Bas95kr00GM65uJqeP0yRL6FCJjp4dIr7958C0RGRK58":{"registrationId":7997770,"currentRatchet":{"ephemeralKeyPair":{"pubKey":"BXhTeg7nNTGhiHro5bLc+QTs78HpF/vLCiaDEOM3D/0t","privKey":"0MzN3+xsNrtYP82d3OD2vFJ45iD9blHXkQSaBo//cFA="},"lastRemoteEphemeralKey":"BTggsgkjtjvoPtyoDIMTO4mXraZYwkqP7Quw/NbFNXJx","previousCounter":0,"rootKey":"+ZFkTv0Ykw0yuy5vkLxMf4hVsTDgOfGqwqE9GxtXTyU="},"indexInfo":{"baseKey":"Bas95kr00GM65uJqeP0yRL6FCJjp4dIr7958C0RGRK58","baseKeyType":1,"closed":1686139197901,"used":1686138761361,"created":1686138701766,"remoteIdentityKey":"BaiGHEB8+issWlUtRZ3ljkfRlOUu+GOrSlYx3BrGmBxS"},"_chains":{"BScbyKgB5HzOWZ4pYd+de89aqgwTxnUlTaszEpWx0F4e":{"chainKey":{"counter":5},"chainType":2,"messageKeys":{}},"BTggsgkjtjvoPtyoDIMTO4mXraZYwkqP7Quw/NbFNXJx":{"chainKey":{"counter":0,"key":"GfmHE7mP2csfUzs0bzvdbGBOgiYwH7iTK9Xw4PzsSRE="},"chainType":2,"messageKeys":{}},"BXhTeg7nNTGhiHro5bLc+QTs78HpF/vLCiaDEOM3D/0t":{"chainKey":{"counter":15,"key":"2NHd9V6O1bkML/OFjctxbDid43xM3S3QCuiodAGGYkc="},"chainType":1,"messageKeys":{}}}},"BWlF106sjYvgyhaEOTvnYQvoklc5rL981efmQy9P9LY5":{"registrationId":7997770,"currentRatchet":{"ephemeralKeyPair":{"pubKey":"BWXtK/lq4Qf0UOUZIJydqLdpd/MfhcrOqO82qTOX/KhW","privKey":"0KemdkTLeIdmBVQUBCfL0/cotQ93PxjeJcr3+P6kcU8="},"lastRemoteEphemeralKey":"BScbyKgB5HzOWZ4pYd+de89aqgwTxnUlTaszEpWx0F4e","previousCounter":-1,"rootKey":"4W1ME9jcpndQjNxEMmZJ3pkKxE891YNWiZonjzbDc6I="},"indexInfo":{"baseKey":"BWlF106sjYvgyhaEOTvnYQvoklc5rL981efmQy9P9LY5","baseKeyType":2,"closed":1686138708562,"used":1686138702190,"created":1686138702190,"remoteIdentityKey":"BaiGHEB8+issWlUtRZ3ljkfRlOUu+GOrSlYx3BrGmBxS"},"_chains":{"BRCoeG5BgEG6N2tpguuAfAaTVk43usDypqtxa/YDY/do":{"chainKey":{"counter":2},"chainType":2,"messageKeys":{}},"BScbyKgB5HzOWZ4pYd+de89aqgwTxnUlTaszEpWx0F4e":{"chainKey":{"counter":0,"key":"tTSltQJnQwzNdq03wJdSw7slwaJ6IZ3pShqDNQt82Aw="},"chainType":2,"messageKeys":{}},"BWXtK/lq4Qf0UOUZIJydqLdpd/MfhcrOqO82qTOX/KhW":{"chainKey":{"counter":-1,"key":"i4FFcUG3rwjMV3H0fNynb4h8KYhZRrngNQvg2hA/GWc="},"chainType":1,"messageKeys":{}}}},"BW8eqp3IZOkGAffEn19V57XHHt57esoevTHvNVB6/5ho":{"registrationId":7997770,"currentRatchet":{"ephemeralKeyPair":{"pubKey":"BYks/T2H6gIwpH6zx5LbCpKvV0LrBf4PB1RCmqET8h1t","privKey":"4BAcwtS7jRcu2OD/R27gyNMdGmEIchCAprZcNkiD42g="},"lastRemoteEphemeralKey":"BVZvrUFG0AW/TRgE2yV2dqpbpMb7lyo9ThsfjNoSqClA","previousCounter":15,"rootKey":"ihc6lKYbuMRbiwswOi9geFAJuBDtKYd/cOn/iDnoLZE="},"indexInfo":{"baseKey":"BW8eqp3IZOkGAffEn19V57XHHt57esoevTHvNVB6/5ho","baseKeyType":1,"closed":-1,"used":1686197047310,"created":1686139197874,"remoteIdentityKey":"BaiGHEB8+issWlUtRZ3ljkfRlOUu+GOrSlYx3BrGmBxS"},"_chains":{"BWElrkMoSKMSNljd9Xlvm1ZiDD5oiHCU0WUrkf/85yhJ":{"chainKey":{"counter":1},"chainType":2,"messageKeys":{}},"BRBaqaIpy4wDGn9IzVe5k0GHgPukQofachjGADh5XMNo":{"chainKey":{"counter":0},"chainType":2,"messageKeys":{}},"BVZvrUFG0AW/TRgE2yV2dqpbpMb7lyo9ThsfjNoSqClA":{"chainKey":{"counter":2,"key":"h9eWbGAVum393Ibdjn4Nk/arYCqpQQghyG9yvS7LblI="},"chainType":2,"messageKeys":{}},"BYks/T2H6gIwpH6zx5LbCpKvV0LrBf4PB1RCmqET8h1t":{"chainKey":{"counter":0,"key":"LcSDWYx8oN59lziWFByGv0mhuRiWGt8PRCSLYbXHGQE="},"chainType":1,"messageKeys":{}}}}},"version":"v1"}