{"_sessions":{"Bd5Okq/biP1mgQyQ3R5Za+H9U8vwl1Kh5bqtmWrEn2UG":{"registrationId":1102109584,"currentRatchet":{"ephemeralKeyPair":{"pubKey":"BTzQzxPX4O9Yb1Zz1/SYAhAcqpKZ1C+7ipFiRzXLPeBj","privKey":"CHpZTsRdv7dyWQEDLoU/Hdc87+NbfOeM0THFpxrFLGg="},"lastRemoteEphemeralKey":"BUJFx1G9J7/cKx1gPk82qVhkrdSeoRvzK7hi+L3Kgb08","previousCounter":0,"rootKey":"jaYOGz1FWwQ9QxZ3mJCAV8wIRA7uxZfsfOj1Nv66J24="},"indexInfo":{"baseKey":"Bd5Okq/biP1mgQyQ3R5Za+H9U8vwl1Kh5bqtmWrEn2UG","baseKeyType":1,"closed":1686139266425,"used":1686138801564,"created":1686138801564,"remoteIdentityKey":"BRjDfQZAKlc3c63xmHbKj9TFTf/MbSFJnZJ2KUzw+WJg"},"_chains":{"BTzQzxPX4O9Yb1Zz1/SYAhAcqpKZ1C+7ipFiRzXLPeBj":{"chainKey":{"counter":26,"key":"pMlhQ1SUschZJ9+ks07dz2FQAKCZjLaZQVQHUBP1Wh8="},"chainType":1,"messageKeys":{}}},"pendingPreKey":{"signedKeyId":0,"baseKey":"Bd5Okq/biP1mgQyQ3R5Za+H9U8vwl1Kh5bqtmWrEn2UG","preKeyId":12430837}},"BargB7/DrP8xtX0567++zTe/oS5i8wku/wOZQ1OwVThz":{"registrationId":1102109584,"currentRatchet":{"ephemeralKeyPair":{"pubKey":"BWaWt0O90m0yehIjYA8j1HpTPZkLxv+wi2oVlXZhARZT","privKey":"8FkLEVfCv23VPI5I1Ahve+gffnHoSpE9HicAmR48PVk="},"lastRemoteEphemeralKey":"BUJFx1G9J7/cKx1gPk82qVhkrdSeoRvzK7hi+L3Kgb08","previousCounter":0,"rootKey":"7ZEQ2JsIvrs1kUXHmtuWyj8g04WqSLyhsRH4N3hBUPc="},"indexInfo":{"baseKey":"BargB7/DrP8xtX0567++zTe/oS5i8wku/wOZQ1OwVThz","baseKeyType":1,"closed":-1,"used":1686139266397,"created":1686139266397,"remoteIdentityKey":"BRjDfQZAKlc3c63xmHbKj9TFTf/MbSFJnZJ2KUzw+WJg"},"_chains":{"BWaWt0O90m0yehIjYA8j1HpTPZkLxv+wi2oVlXZhARZT":{"chainKey":{"counter":236,"key":"ny4Rc7yvCLP0N1otCC2KZBpTa6jHZHSeYr4M+uwr73E="},"chainType":1,"messageKeys":{}}},"pendingPreKey":{"signedKeyId":0,"baseKey":"BargB7/DrP8xtX0567++zTe/oS5i8wku/wOZQ1OwVThz","preKeyId":12430880}}},"version":"v1"}