{"_sessions":{"BQctNCZ3eN0F9+07ZTcm636Wb2XPZpUVxYZBChwSz4hf":{"registrationId":253,"currentRatchet":{"ephemeralKeyPair":{"pubKey":"BcuT9gHBnROoPsYMjd3Px1Drmd0pJoXjlGVwmdLffJUY","privKey":"8DwqNuP5ruo7jAuGxJg6xfsil9rJ0LHJzAOMV0EoWXE="},"lastRemoteEphemeralKey":"BSN1f3NHiv3m0l7usjrcvzt4Gsg4mPLcmhoSZwBoD6IP","previousCounter":0,"rootKey":"oxO7cNY8tdpnlJo5wtAIyF4vec3rWiN7kolbAvusbpk="},"indexInfo":{"baseKey":"BQctNCZ3eN0F9+07ZTcm636Wb2XPZpUVxYZBChwSz4hf","baseKeyType":1,"closed":-1,"used":1686138796605,"created":1686138796605,"remoteIdentityKey":"BZcWqtNYkz5IL96lOK6wrRcv9tTtruG4M1gLPTjZkwxd"},"_chains":{"BcuT9gHBnROoPsYMjd3Px1Drmd0pJoXjlGVwmdLffJUY":{"chainKey":{"counter":263,"key":"T5nJgSQxMuuK1tBIwkr+Ka3kXtMI1W4bicBoe6fALjk="},"chainType":1,"messageKeys":{}}},"pendingPreKey":{"signedKeyId":1,"baseKey":"BQctNCZ3eN0F9+07ZTcm636Wb2XPZpUVxYZBChwSz4hf"}}},"version":"v1"}