{"_sessions":{"BWaVblLTftHdSs3/EW7IjPrOlHcyzDpkZX117Sd2S/sZ":{"registrationId":268883879,"currentRatchet":{"ephemeralKeyPair":{"pubKey":"BVywNlq0jyOGIrI4Ev68i8ky3D5Ddrct5VB0VNxzZ9h3","privKey":"ULwd2ZSXOhWuF0hRGGuR6XxWfoeftzkv5qikTgeq4EI="},"lastRemoteEphemeralKey":"BVfDt0J6QqtTFOnJ1/blXA3793YP9ED4FzVZWanjvJMV","previousCounter":0,"rootKey":"HxhBjFjsWO6vVqymJ8a4xWBCfruN2whk64Cu/Ornl+o="},"indexInfo":{"baseKey":"BWaVblLTftHdSs3/EW7IjPrOlHcyzDpkZX117Sd2S/sZ","baseKeyType":1,"closed":-1,"used":1686138798010,"created":1686138798010,"remoteIdentityKey":"BayFyqDNegaLME4xo56bC/vtDKMxYN5JFes7wQ8F9Nsr"},"_chains":{"BVywNlq0jyOGIrI4Ev68i8ky3D5Ddrct5VB0VNxzZ9h3":{"chainKey":{"counter":263,"key":"OcBNR0BxpukZtvlM9zronNRMvtdUMauEvMU0exY2IXQ="},"chainType":1,"messageKeys":{}}},"pendingPreKey":{"signedKeyId":0,"baseKey":"BWaVblLTftHdSs3/EW7IjPrOlHcyzDpkZX117Sd2S/sZ"}}},"version":"v1"}