{"_sessions":{"BXJB1KbssuTEB+DALLicklyhR/V3FDrb1FNhXorhNCF/":{"registrationId":361668223,"currentRatchet":{"ephemeralKeyPair":{"pubKey":"BRgEtEZi39Dedmc23UEyCD8El18/j2wJX9QpgswpUQcJ","privKey":"SAOY5l+C9eON1ePr/qdkOBAIv8wUNOsiRTMcV4R1GVc="},"lastRemoteEphemeralKey":"BdffQh8UrvbFBU9gXlX7rWbyPtbq9MBpYyHU89NG3z54","previousCounter":0,"rootKey":"lpPrXTPv8ghVK3vMbonDAdddShVSH4vODgDRwerp9Hg="},"indexInfo":{"baseKey":"BXJB1KbssuTEB+DALLicklyhR/V3FDrb1FNhXorhNCF/","baseKeyType":1,"closed":1686139461226,"used":1686138797412,"created":1686138797412,"remoteIdentityKey":"BfdzyL5okBxKThPlO/42HOQO0vRTodGZM7RAwHc3KtEH"},"_chains":{"BRgEtEZi39Dedmc23UEyCD8El18/j2wJX9QpgswpUQcJ":{"chainKey":{"counter":61,"key":"vObScCt8hVb0HMrmmU+XSIDt0JgNXewHxHSUNMBD/kI="},"chainType":1,"messageKeys":{}}},"pendingPreKey":{"signedKeyId":1,"baseKey":"BXJB1KbssuTEB+DALLicklyhR/V3FDrb1FNhXorhNCF/"}},"BdALBLvFIFZK3a3UNKf1GJjBB5MOqMkjqLl/mGijnWIA":{"registrationId":361668223,"currentRatchet":{"ephemeralKeyPair":{"pubKey":"BcFtQrkz7lvbBO5svjms+/7LI4RlljFJryEzUp3tyYAQ","privKey":"GNQXS77ez0qdmCzLi6hZthFxSpLrLti6W6T8unPmBVA="},"lastRemoteEphemeralKey":"BdffQh8UrvbFBU9gXlX7rWbyPtbq9MBpYyHU89NG3z54","previousCounter":0,"rootKey":"gTie/UBAQaabPNhDWrLg3EQ5RCzzpbl89myw8GV7A/0="},"indexInfo":{"baseKey":"BdALBLvFIFZK3a3UNKf1GJjBB5MOqMkjqLl/mGijnWIA","baseKeyType":1,"closed":-1,"used":1686139461210,"created":1686139461210,"remoteIdentityKey":"BfdzyL5okBxKThPlO/42HOQO0vRTodGZM7RAwHc3KtEH"},"_chains":{"BcFtQrkz7lvbBO5svjms+/7LI4RlljFJryEzUp3tyYAQ":{"chainKey":{"counter":201,"key":"9TyvyJ7soNxB/Wjsxfdw0MhbP/FqolQ7I8W4BM5+k7c="},"chainType":1,"messageKeys":{}}},"pendingPreKey":{"signedKeyId":1,"baseKey":"BdALBLvFIFZK3a3UNKf1GJjBB5MOqMkjqLl/mGijnWIA"}}},"version":"v1"}