{"_sessions":{"BVtEy6XfHw6AOtuJ7oCQd9Lcgeg1wIv7TjValdwKnt5w":{"registrationId":509992357,"currentRatchet":{"ephemeralKeyPair":{"pubKey":"BRRzdQ9Uoil8i774IXNnc79/fJbpRE7EzR7dTsixfZ5O","privKey":"2LdYs1Vca4c1/pxSxd7UwTPOP7vyP++20dX8ILSu+0c="},"lastRemoteEphemeralKey":"BVczWU7/5uYGAZKwVw4q3aefHSgcyPkn6Yn7r44EPvlb","previousCounter":0,"rootKey":"pCHJIJLWguAJbbSEpyMc3r+yYSjby0w9AxFlkpk6IwU="},"indexInfo":{"baseKey":"BVtEy6XfHw6AOtuJ7oCQd9Lcgeg1wIv7TjValdwKnt5w","baseKeyType":1,"closed":1686139498405,"used":1686138801822,"created":1686138801822,"remoteIdentityKey":"BcQF9kZokeu2MdUDuYgqXFAsyCiDUwTdf+hDtwbh/xBF"},"_chains":{"BRRzdQ9Uoil8i774IXNnc79/fJbpRE7EzR7dTsixfZ5O":{"chainKey":{"counter":67,"key":"wf7s1insEMaR1yfwD7htfXytUC4zt35afnnCLxTGL20="},"chainType":1,"messageKeys":{}}},"pendingPreKey":{"signedKeyId":0,"baseKey":"BVtEy6XfHw6AOtuJ7oCQd9Lcgeg1wIv7TjValdwKnt5w","preKeyId":12640268}},"BYixdyzFTlJP8Qm5xN0or/JVzeIH6JaFBEF35DpXjDRj":{"registrationId":509992357,"currentRatchet":{"ephemeralKeyPair":{"pubKey":"BVl9zAUWZ+OVVbldwHpwW/dMPxgSDGAjzYorcFj4n9Ee","privKey":"qJroqOg+96rdttuig+MGCUPhX3Lw62a/2mbRDnkWgUI="},"lastRemoteEphemeralKey":"BVczWU7/5uYGAZKwVw4q3aefHSgcyPkn6Yn7r44EPvlb","previousCounter":0,"rootKey":"yC3vGICcUrmk0hKMlgNF8Mb3Ykqgjpx6fhX6OMlaGhI="},"indexInfo":{"baseKey":"BYixdyzFTlJP8Qm5xN0or/JVzeIH6JaFBEF35DpXjDRj","baseKeyType":1,"closed":-1,"used":1686139498367,"created":1686139498367,"remoteIdentityKey":"BcQF9kZokeu2MdUDuYgqXFAsyCiDUwTdf+hDtwbh/xBF"},"_chains":{"BVl9zAUWZ+OVVbldwHpwW/dMPxgSDGAjzYorcFj4n9Ee":{"chainKey":{"counter":195,"key":"qcBzFX0AetMQji+ejZcFEjqRrwYR1xXI1RCF+iltOkk="},"chainType":1,"messageKeys":{}}},"pendingPreKey":{"signedKeyId":0,"baseKey":"BYixdyzFTlJP8Qm5xN0or/JVzeIH6JaFBEF35DpXjDRj","preKeyId":12640250}}},"version":"v1"}