{"_sessions":{"BUHPRHumRUWrOimxcSnzhEdhRZpgTfWciIUiWjzf/XUu":{"registrationId":639463960,"currentRatchet":{"ephemeralKeyPair":{"pubKey":"BX/yR8jz2O85b7aH6MwJD2sZM+wXVxoTPmQXsDs41HZC","privKey":"uHJuhuq6VxLh5UKMWE5SI/SwWOgnKpbp2iQyvDuqhFA="},"lastRemoteEphemeralKey":"BTr2HlaUknbHwLAwu8BneEQEtVV5WT3uwNaghIeQ5xRw","previousCounter":0,"rootKey":"aK2D3LfrGF3eq/P7XhKuwHLKatNle1QEylHvZV8SEzs="},"indexInfo":{"baseKey":"BUHPRHumRUWrOimxcSnzhEdhRZpgTfWciIUiWjzf/XUu","baseKeyType":1,"closed":-1,"used":1686138801751,"created":1686138801751,"remoteIdentityKey":"Badsfz8b1jho3uQOkPB8+IU6h82pCDLfx4GLvS9pVK5E"},"_chains":{"BX/yR8jz2O85b7aH6MwJD2sZM+wXVxoTPmQXsDs41HZC":{"chainKey":{"counter":263,"key":"5PkhDDfBeMxYJaU48n3wP0fNECKoIeX6udZTedyzl0o="},"chainType":1,"messageKeys":{}}},"pendingPreKey":{"signedKeyId":1,"baseKey":"BUHPRHumRUWrOimxcSnzhEdhRZpgTfWciIUiWjzf/XUu","preKeyId":3720121}}},"version":"v1"}