{"_sessions":{"Bb998Pdhi0ifD2o8cGbx1lfPfPJpFqbkz3srfRLqposb":{"registrationId":826759760,"currentRatchet":{"ephemeralKeyPair":{"pubKey":"BeETv0no0K/M+uIYoG91VPSwqW0U466fot+42i8HGhwT","privKey":"8EkYeKpw6pGcF0rIDS9aVpVNNKoVjFbCCbbpOAIFelE="},"lastRemoteEphemeralKey":"BWALV1syS/uDLTDIzzMM9HUk2YsyFLBw+BJlMnKmyrIx","previousCounter":0,"rootKey":"zznR781jO7h56e0FWdLHugUGsoFyKqBLc6pdyLYmz/E="},"indexInfo":{"baseKey":"Bb998Pdhi0ifD2o8cGbx1lfPfPJpFqbkz3srfRLqposb","baseKeyType":1,"closed":-1,"used":1686138803092,"created":1686138803092,"remoteIdentityKey":"Ba1dMWrXnAHKcnUcnNSXWjl355HyL4fsnFhuTRPj2KQH"},"_chains":{"BeETv0no0K/M+uIYoG91VPSwqW0U466fot+42i8HGhwT":{"chainKey":{"counter":263,"key":"nKV569nJH4Qg77r6i0RS8Nix2dISio603cPPgoN2a+w="},"chainType":1,"messageKeys":{}}},"pendingPreKey":{"signedKeyId":0,"baseKey":"Bb998Pdhi0ifD2o8cGbx1lfPfPJpFqbkz3srfRLqposb"}}},"version":"v1"}