{"_sessions":{"BWn9Ve3Mhs1fpt34nyjS3qPs/6QtWAxY7r4Udbqty5hv":{"registrationId":493877706,"currentRatchet":{"ephemeralKeyPair":{"pubKey":"BUhl8CfG+IoWVHUb0TvKSSSM9Vsy0t0S/F3nek7knNMX","privKey":"AFy752+yt/AJzezFzFf/MbrjkItWgf8ytdHY5pd8jX8="},"lastRemoteEphemeralKey":"Bavr6HW416rUINuukGtoYzgAqgQNW3RmfRBOrV/Wonk9","previousCounter":0,"rootKey":"qNt1Nu39AB/8EbURaWqv1wTa6Q+ko8yI4h/Y0frCRxE="},"indexInfo":{"baseKey":"BWn9Ve3Mhs1fpt34nyjS3qPs/6QtWAxY7r4Udbqty5hv","baseKeyType":1,"closed":-1,"used":1686138803023,"created":1686138803023,"remoteIdentityKey":"BX2HsAxkebOs2rbSE9aTWkFF2bJsoClZks4DA2MwV0ds"},"_chains":{"BUhl8CfG+IoWVHUb0TvKSSSM9Vsy0t0S/F3nek7knNMX":{"chainKey":{"counter":263,"key":"/N79Q9y8vqVVkoZQRO/wXLXjHwmsGLVZ9yPTBQfhYg0="},"chainType":1,"messageKeys":{}}},"pendingPreKey":{"signedKeyId":0,"baseKey":"BWn9Ve3Mhs1fpt34nyjS3qPs/6QtWAxY7r4Udbqty5hv"}}},"version":"v1"}