{"_sessions":{"BY74iRbcH4ZRHEMS5DjjvirqY00wI8/P/dwlB5MMBiJR":{"registrationId":112300186,"currentRatchet":{"ephemeralKeyPair":{"pubKey":"BZr4x3yFgvKSpfZrMCg0qIpX18xlYmNH+gLbNbiCZDEq","privKey":"CAG45tbUDpKngNGj9U3Vi3wCEcZ4qax0h/b+6C5pS24="},"lastRemoteEphemeralKey":"BUapEP9tsl5fFklCXDxsC4cNhCXLcrN14oin7w+0+mM2","previousCounter":0,"rootKey":"xTuVtb5tPit0rLO2QRBne9wZft3LUmqvFwNuoju1fyo="},"indexInfo":{"baseKey":"BY74iRbcH4ZRHEMS5DjjvirqY00wI8/P/dwlB5MMBiJR","baseKeyType":1,"closed":-1,"used":1686138801588,"created":1686138801588,"remoteIdentityKey":"BZFi4fdEePX+X8oWd9QR0gkChanEDRzhLx/d9DWWnSti"},"_chains":{"BZr4x3yFgvKSpfZrMCg0qIpX18xlYmNH+gLbNbiCZDEq":{"chainKey":{"counter":263,"key":"Jp3JNIaXkepkhdjc9/RSV83x67A8spYitz7+8q3mwZQ="},"chainType":1,"messageKeys":{}}},"pendingPreKey":{"signedKeyId":1,"baseKey":"BY74iRbcH4ZRHEMS5DjjvirqY00wI8/P/dwlB5MMBiJR","preKeyId":13706520}}},"version":"v1"}