{"_sessions":{"BYHDLOeft1BbAirImY/f0TjZnXyEBmEXA4fS7xPF671/":{"registrationId":140,"currentRatchet":{"ephemeralKeyPair":{"pubKey":"BYqbK3S+fLhnC/ulTGXokQmW4kj9ywLTJe1lWf/zT0FR","privKey":"iCY9ntpL63BwVzVpVi1/PvFMVKCU79O9M3fVztgmdWk="},"lastRemoteEphemeralKey":"Beo6Bny0EoxTn1wY6PDSX6Ar6sEfmcEaWPk2YXBIFYEk","previousCounter":0,"rootKey":"6ONE6OhNvWv6kH6tQLgUbLQLtLN2QJY3JMmewaG1dtY="},"indexInfo":{"baseKey":"BYHDLOeft1BbAirImY/f0TjZnXyEBmEXA4fS7xPF671/","baseKeyType":1,"closed":-1,"used":1686138796839,"created":1686138796839,"remoteIdentityKey":"BX4S8HdRGx/aLyr83OHfCrPvzbD9e8tXxeFoewLWztsU"},"_chains":{"BYqbK3S+fLhnC/ulTGXokQmW4kj9ywLTJe1lWf/zT0FR":{"chainKey":{"counter":263,"key":"barpmMZjdyZHG8xl1QHD4OegPQJI4PDMcmfXOcNEQu0="},"chainType":1,"messageKeys":{}}},"pendingPreKey":{"signedKeyId":1,"baseKey":"BYHDLOeft1BbAirImY/f0TjZnXyEBmEXA4fS7xPF671/"}}},"version":"v1"}