{"_sessions":{"Ba/VhrjAfpRzBdlEgGPvWS5a1bYaR+r8fcWRTRJXP2dr":{"registrationId":309565364,"currentRatchet":{"ephemeralKeyPair":{"pubKey":"Bav5jd2WAxBcgc5611cqkiD3lnucujUOFGbg7MFO2pE5","privKey":"YBSUizuzp0kffkEQPOHVm3MnqTw+KtBPF9G3Lx557Fc="},"lastRemoteEphemeralKey":"BcRLqIiToaxuEY0CdlR0A4YBZwsNi80OG7U5YVrQNFw2","previousCounter":0,"rootKey":"eEjGs8+1O3924oBpEz/FD3ME7LHm2f66QwrqpBMSFlM="},"indexInfo":{"baseKey":"Ba/VhrjAfpRzBdlEgGPvWS5a1bYaR+r8fcWRTRJXP2dr","baseKeyType":1,"closed":1686140656164,"used":1686138803125,"created":1686138803125,"remoteIdentityKey":"Bbmse4sup/5GWQpEQVnHldE1D5o2+C9eAQsFB/tqjV4B"},"_chains":{"Bav5jd2WAxBcgc5611cqkiD3lnucujUOFGbg7MFO2pE5":{"chainKey":{"counter":143,"key":"KP2rGj79pyBeK9KsS/7FlDnlFAmI/b40TowhngOknGE="},"chainType":1,"messageKeys":{}}},"pendingPreKey":{"signedKeyId":1,"baseKey":"Ba/VhrjAfpRzBdlEgGPvWS5a1bYaR+r8fcWRTRJXP2dr","preKeyId":15127776}},"BeemeQKMsJTyJc0yl03iS/k7PuA0ovwCoAK8ynOba58d":{"registrationId":309565364,"currentRatchet":{"ephemeralKeyPair":{"pubKey":"BRjXOKTdyNb7PN4Nskbj18dCg0JyveQ6v2PUBwhVleZN","privKey":"uOyvKj8kCj/3FwlTZ6OWefLIzhQ9KkVAaqJfg776vXk="},"lastRemoteEphemeralKey":"BcRLqIiToaxuEY0CdlR0A4YBZwsNi80OG7U5YVrQNFw2","previousCounter":0,"rootKey":"PXI9R3YIVBZyZqU/3CBNpMCZw7X7LxMch+YILCYj9nI="},"indexInfo":{"baseKey":"BeemeQKMsJTyJc0yl03iS/k7PuA0ovwCoAK8ynOba58d","baseKeyType":1,"closed":-1,"used":1686140656122,"created":1686140656122,"remoteIdentityKey":"Bbmse4sup/5GWQpEQVnHldE1D5o2+C9eAQsFB/tqjV4B"},"_chains":{"BRjXOKTdyNb7PN4Nskbj18dCg0JyveQ6v2PUBwhVleZN":{"chainKey":{"counter":119,"key":"q0neW14K8WtEAP6E5pW2uWgaI0W//Hv2g53nx/oFP8o="},"chainType":1,"messageKeys":{}}},"pendingPreKey":{"signedKeyId":1,"baseKey":"BeemeQKMsJTyJc0yl03iS/k7PuA0ovwCoAK8ynOba58d","preKeyId":15127863}}},"version":"v1"}