{"_sessions":{"BeZvcZ5YOrAe2h6eU13OUFfIg5iCNoNUVwQUxR/CY6lQ":{"registrationId":54,"currentRatchet":{"ephemeralKeyPair":{"pubKey":"BVVkN/D1d8TRTYTjjWWsEq2qN+DfweORsQy8Bm5RYMph","privKey":"kDidcVjCFHO1bsYgsCCIh/qaHdJT1UTeCXv3y1LKfUk="},"lastRemoteEphemeralKey":"BYWbbdsNse47wFTfdA25OEqvq31G6qDytH6CaPPCaGE6","previousCounter":0,"rootKey":"2b5oPujqVYPb4wC3nDlGE+FR1IFd1GrJNcEnSbHBFyM="},"indexInfo":{"baseKey":"BeZvcZ5YOrAe2h6eU13OUFfIg5iCNoNUVwQUxR/CY6lQ","baseKeyType":1,"closed":1686138813172,"used":1686138796456,"created":1686138796456,"remoteIdentityKey":"BWZj+jPN8RXqY5XQQNhHfg0iRaV+Q7AN+Ei4efjcZY9K"},"_chains":{"BVVkN/D1d8TRTYTjjWWsEq2qN+DfweORsQy8Bm5RYMph":{"chainKey":{"counter":0,"key":"JgP0omtC+K0VbwQoHSugbIMR8EGfrEPcb8SK1QTSpHI="},"chainType":1,"messageKeys":{}}},"pendingPreKey":{"signedKeyId":1,"baseKey":"BeZvcZ5YOrAe2h6eU13OUFfIg5iCNoNUVwQUxR/CY6lQ","preKeyId":1003}},"Bcy3WOyR+6mcmNIBeFHs+YPZ1x4a4ipkXboEgD93KKNa":{"registrationId":54,"currentRatchet":{"ephemeralKeyPair":{"pubKey":"BftW7x5vuLzGPV4WhBVY3xcXaPAQeXg5yKs1wAP+ADo9","privKey":"sO15t/u2EQEz7kG6wKkqKQCOEN5k0tA+xcaRkZAi1X4="},"lastRemoteEphemeralKey":"BTtvOyGe4hGDqfNF4iGbC8BZ2uZ3J2HTgR9YXnU/mA0b","previousCounter":0,"rootKey":"R8+yG8AIUfZhbmp9hXa4tOQxJhHnkdunE/8KpgPods4="},"indexInfo":{"baseKey":"Bcy3WOyR+6mcmNIBeFHs+YPZ1x4a4ipkXboEgD93KKNa","baseKeyType":2,"closed":1686139048317,"used":1686138813186,"created":1686138813186,"remoteIdentityKey":"BWZj+jPN8RXqY5XQQNhHfg0iRaV+Q7AN+Ei4efjcZY9K"},"_chains":{"BTtvOyGe4hGDqfNF4iGbC8BZ2uZ3J2HTgR9YXnU/mA0b":{"chainKey":{"counter":0,"key":"JpMZKwr9Dgk30nIgDuEOTbx4yr5PKDhjoe3nIwCFn5g="},"chainType":2,"messageKeys":{}},"BftW7x5vuLzGPV4WhBVY3xcXaPAQeXg5yKs1wAP+ADo9":{"chainKey":{"counter":-1,"key":"FAlzJYguZt9X4g4E0K9GOE7oTceqqp1nUFlL1A37CE0="},"chainType":1,"messageKeys":{}}}},"BX9OdcRprNqxO+3P2urNSAMFUMhQf8FvXcpvRL7n7Hw2":{"registrationId":54,"currentRatchet":{"ephemeralKeyPair":{"pubKey":"BXmn+If7dQFAbdVzfZNIlaCVC2Nv8Zhl7GWCslOHtaYN","privKey":"yGnqMliwymu7ISCw5ZK+QyK81CRICNOqRGOvSFnKLl4="},"lastRemoteEphemeralKey":"BbwwzfXz4Jx3U5cjvRQRjw6kJlv+r1mjjloEybhsEsoQ","previousCounter":26,"rootKey":"7BKgMTMCYL5aUMdv+CrbBcRtdkL3t1XsW0mTFX58sBE="},"indexInfo":{"baseKey":"BX9OdcRprNqxO+3P2urNSAMFUMhQf8FvXcpvRL7n7Hw2","baseKeyType":1,"closed":1686141442134,"used":1686141310766,"created":1686139048261,"remoteIdentityKey":"BWZj+jPN8RXqY5XQQNhHfg0iRaV+Q7AN+Ei4efjcZY9K"},"_chains":{"BSybmYcFwT88yL6NJXmtMLogV5rLJwS9t/Jt14ABjKpE":{"chainKey":{"counter":1},"chainType":2,"messageKeys":{}},"BbAQn5Bwi2xqvu5EegDDYaHpg0ak60uNODQu7WPa1w8/":{"chainKey":{"counter":0},"chainType":2,"messageKeys":{}},"BTlln/8BlevD7BCIzWYjQL8diPh+b7bruY1KymndgMwh":{"chainKey":{"counter":2},"chainType":2,"messageKeys":{}},"BbwwzfXz4Jx3U5cjvRQRjw6kJlv+r1mjjloEybhsEsoQ":{"chainKey":{"counter":0,"key":"cweHDTiRW3Uwrf/9NqnBMwZ4sJYWjRWDjPqmaPOzWXM="},"chainType":2,"messageKeys":{}},"BXmn+If7dQFAbdVzfZNIlaCVC2Nv8Zhl7GWCslOHtaYN":{"chainKey":{"counter":21,"key":"bWeG+jVlbGg4QqN7IWxlOeypuSPcBweA8XuS84tWtI8="},"chainType":1,"messageKeys":{}}}},"BS/qbKh6/BYU9XJqf1tDo8irutFJacjyj54FN0kd6xB8":{"registrationId":54,"currentRatchet":{"ephemeralKeyPair":{"pubKey":"BUZEu7PtegrHbAx029rrADYMfAKvBTb7a0AJyL78wbdK","privKey":"oOwLNy+Zmg/LWrTO9T+syES5epZL8BnFShYkCkM5s0Q="},"lastRemoteEphemeralKey":"Bcn+U7QopSaRPx/oeqX5VxtPnKo5RZ84Oj8ijr+wbYEX","previousCounter":8,"rootKey":"pDq5EY0E4SCtrvyef3JWisFZyFbjFnWsY7h9nrx9adM="},"indexInfo":{"baseKey":"BS/qbKh6/BYU9XJqf1tDo8irutFJacjyj54FN0kd6xB8","baseKeyType":2,"closed":-1,"used":1686141682453,"created":1686141442141,"remoteIdentityKey":"BWZj+jPN8RXqY5XQQNhHfg0iRaV+Q7AN+Ei4efjcZY9K"},"_chains":{"BcJhaGjCVnIGHJ25SfEXwJAUGVF69PpTDEAB0Bf3tS03":{"chainKey":{"counter":0},"chainType":2,"messageKeys":{}},"BVaVF5meZAOiHRyhyrsKSBdkL4/yyJPh2ea3ekf1m6ss":{"chainKey":{"counter":3},"chainType":2,"messageKeys":{}},"BZBzeEsp+Oz518XAkU9AMhpT6PPYDhgnhiCy7XDpXRBt":{"chainKey":{"counter":2},"chainType":2,"messageKeys":{}},"Bcn+U7QopSaRPx/oeqX5VxtPnKo5RZ84Oj8ijr+wbYEX":{"chainKey":{"counter":0,"key":"UwYhdscfFVt3kRSFXKTOV1fiM5EgRLHJ4Nt17mwaRhE="},"chainType":2,"messageKeys":{}},"BUZEu7PtegrHbAx029rrADYMfAKvBTb7a0AJyL78wbdK":{"chainKey":{"counter":-1,"key":"kTEk8swCgCIQ7EAyZKF1ULiUApf1hXiWYxdvNcvbchA="},"chainType":1,"messageKeys":{}}}}},"version":"v1"}