{"_sessions":{"BawYEy27LFW15TcD52vlgJtVjqhycOubzMnteCGPHdZH":{"registrationId":1857458927,"currentRatchet":{"ephemeralKeyPair":{"pubKey":"BdRtEPHoJltRQdFGJ5Lha/VEPF//RGra0NGNX5WKP8ID","privKey":"6KFiv6tnznClualIYvIyE+dDWFjaj763qjKVLiAWEGM="},"lastRemoteEphemeralKey":"BdPS1Sm0/Jnni+VP3HuGnEFYnavTo8HsHJIIHOWIFTEL","previousCounter":0,"rootKey":"vbthTv2UY4fn7KpB48YZvuGcbXsldx/9xf3xRZrYYGE="},"indexInfo":{"baseKey":"BawYEy27LFW15TcD52vlgJtVjqhycOubzMnteCGPHdZH","baseKeyType":1,"closed":-1,"used":1686138797605,"created":1686138797605,"remoteIdentityKey":"BRZkO0ROgI1CMEQgEC4coL6inAgM9lsa2dz9VQcbnOcC"},"_chains":{"BdRtEPHoJltRQdFGJ5Lha/VEPF//RGra0NGNX5WKP8ID":{"chainKey":{"counter":263,"key":"SuAN1BAsNwxXPFth9OxdpHqHk4UoiOQcYxF1gE6hNHs="},"chainType":1,"messageKeys":{}}},"pendingPreKey":{"signedKeyId":2,"baseKey":"BawYEy27LFW15TcD52vlgJtVjqhycOubzMnteCGPHdZH"}}},"version":"v1"}