{"_sessions":{"BX3+Ravq6/a53Mvd0UWZV5lNlRcDdx3mtZiBvXN2n0Z8":{"registrationId":2005243447,"currentRatchet":{"ephemeralKeyPair":{"pubKey":"BQJn1w8ToK6NH8I0RIFmg3yfQsdo7PoIhJbNTbClG4Vx","privKey":"+JjEzAEDsE9Amu1+iGrb1+T3XrEHnJq4safJXNsKy2M="},"lastRemoteEphemeralKey":"BVMlpmx+AFjknWH0mD6+GnAyf8s6jmDBphpM0fuWqvAl","previousCounter":0,"rootKey":"DUm2JrzgbK6Xyg1l5LUD3fjMtXhErXOCZAU6tvxX/48="},"indexInfo":{"baseKey":"BX3+Ravq6/a53Mvd0UWZV5lNlRcDdx3mtZiBvXN2n0Z8","baseKeyType":1,"closed":1686139892728,"used":1686138799750,"created":1686138799750,"remoteIdentityKey":"BcWKdYqj0p6DUuDUYX2umUvPaCaKjDIPa+SBbJamkz0z"},"_chains":{"BQJn1w8ToK6NH8I0RIFmg3yfQsdo7PoIhJbNTbClG4Vx":{"chainKey":{"counter":106,"key":"2fYgFPsiqbtxrg2+bBwXL1u6Xlv/cp15Oe7PcIdfkTk="},"chainType":1,"messageKeys":{}}},"pendingPreKey":{"signedKeyId":4,"baseKey":"BX3+Ravq6/a53Mvd0UWZV5lNlRcDdx3mtZiBvXN2n0Z8","preKeyId":7348059}},"BaZ2+i5sqUn1poH/5K170OtRlPEHwUCfMz0ZTLoJCFhM":{"registrationId":2005243447,"currentRatchet":{"ephemeralKeyPair":{"pubKey":"BYMz/HyZaIGKpykjWLh1NkSJr2MAk2uAL25+gJhW1fRh","privKey":"oG55CoewX0hSRaWa1IhgPMRyKSIsklp9IJ+lGSHTr2A="},"lastRemoteEphemeralKey":"BVMlpmx+AFjknWH0mD6+GnAyf8s6jmDBphpM0fuWqvAl","previousCounter":0,"rootKey":"Hp27OxmEbNOMcyZjOZtogzYBaFohvD5DouAoV3dT+vs="},"indexInfo":{"baseKey":"BaZ2+i5sqUn1poH/5K170OtRlPEHwUCfMz0ZTLoJCFhM","baseKeyType":1,"closed":-1,"used":1686139892724,"created":1686139892724,"remoteIdentityKey":"BcWKdYqj0p6DUuDUYX2umUvPaCaKjDIPa+SBbJamkz0z"},"_chains":{"BYMz/HyZaIGKpykjWLh1NkSJr2MAk2uAL25+gJhW1fRh":{"chainKey":{"counter":156,"key":"xqqOih6vWjT9Veyp6SRHRDDuPEdXR4UAqFHJCRxuoGE="},"chainType":1,"messageKeys":{}}},"pendingPreKey":{"signedKeyId":4,"baseKey":"BaZ2+i5sqUn1poH/5K170OtRlPEHwUCfMz0ZTLoJCFhM","preKeyId":7348384}}},"version":"v1"}