{"_sessions":{"BR7aSHlgDthebr72ZGFWtoCGDiRAADS83GUlSmytaVd5":{"registrationId":127858356,"currentRatchet":{"ephemeralKeyPair":{"pubKey":"BUkP3WQR6vblQAhlDhXtZmk8i7kFqLSPjY7ICb6QAlJy","privKey":"0GvipLs+Vmzl5m1Y3EvVkYRiNy7dCIibBTrLd2E3r1c="},"lastRemoteEphemeralKey":"BaDFpxVkYQvCnNe4YPjN8XZrclS3DV9lPd3e3saDcItJ","previousCounter":0,"rootKey":"fRpuVQBVsNsQGExFy78ewZVu1+IbPhU/LiKp5RNq+9o="},"indexInfo":{"baseKey":"BR7aSHlgDthebr72ZGFWtoCGDiRAADS83GUlSmytaVd5","baseKeyType":1,"closed":-1,"used":1686138800337,"created":1686138800337,"remoteIdentityKey":"Bcf4FmAy/QRbZkPGkvw7s7eSH8pz3hJicNqgTulFd/A9"},"_chains":{"BUkP3WQR6vblQAhlDhXtZmk8i7kFqLSPjY7ICb6QAlJy":{"chainKey":{"counter":263,"key":"HWp7BLytUi4guyF89mYYZ1w++MWtNqDultSni/J5iT0="},"chainType":1,"messageKeys":{}}},"pendingPreKey":{"signedKeyId":0,"baseKey":"BR7aSHlgDthebr72ZGFWtoCGDiRAADS83GUlSmytaVd5","preKeyId":16211787}}},"version":"v1"}