{"_sessions":{"BUoDpDAbbaUcuapxf4l4KzhMLMS3RShum+g1cMpeNI1F":{"registrationId":1032582984,"currentRatchet":{"ephemeralKeyPair":{"pubKey":"BZsp1ID9fs+cxklcfBGwFIuK+FCGpSrl5XvK5i8wlzFL","privKey":"aPYFYFfS1I/jKadp5iU/m5rf5nzYCOPpa92akYmZEH0="},"lastRemoteEphemeralKey":"BSwH4z7y/TH37f7LFm+cTYBZZehXO+UwgI9LZjXYn5hs","previousCounter":0,"rootKey":"fSx0p+fC0XwNdjLCofGzQm6VHpjWyTdlRDPp2lkCtxk="},"indexInfo":{"baseKey":"BUoDpDAbbaUcuapxf4l4KzhMLMS3RShum+g1cMpeNI1F","baseKeyType":1,"closed":-1,"used":1686138800817,"created":1686138800817,"remoteIdentityKey":"BY5y+eoADY2mls9v0/Td0RlTm+DTGq+MJuY4RllCOpxV"},"_chains":{"BZsp1ID9fs+cxklcfBGwFIuK+FCGpSrl5XvK5i8wlzFL":{"chainKey":{"counter":263,"key":"9s436Ft6Pr0qiHd0x+o7viHuJGEqage0AlGktxeS2+s="},"chainType":1,"messageKeys":{}}},"pendingPreKey":{"signedKeyId":0,"baseKey":"BUoDpDAbbaUcuapxf4l4KzhMLMS3RShum+g1cMpeNI1F"}}},"version":"v1"}