{"_sessions":{"BRCREzLuixjF8RcNrH7PeKZIgo5TXzPGNGKBzbT7Aqxi":{"registrationId":83,"currentRatchet":{"ephemeralKeyPair":{"pubKey":"BUcu+bQJ2EaDbK0bfRxiVeeCAEnFbGJZWbkbgvO3WKh1","privKey":"mIS+Wd34P1ps27tTbqe+8b1aghUSFfjrmkMgPUKO8nM="},"lastRemoteEphemeralKey":"BclVmt4XTRKSzUBOmOXggV+IdXXtwOAgnHisBoBwPytz","previousCounter":0,"rootKey":"LSnYue20tS9XolhAvkqdSmK4nVslWRoBX7vhVke/2iI="},"indexInfo":{"baseKey":"BRCREzLuixjF8RcNrH7PeKZIgo5TXzPGNGKBzbT7Aqxi","baseKeyType":1,"closed":-1,"used":1686138795747,"created":1686138795747,"remoteIdentityKey":"Bdazgi2f76RQkQsemY2nAb+I68S6kB5s2pze4KKidHlW"},"_chains":{"BUcu+bQJ2EaDbK0bfRxiVeeCAEnFbGJZWbkbgvO3WKh1":{"chainKey":{"counter":263,"key":"7Vzn7TxblAQIYZccReZu8Cyp0+SMvZsu7TNJqyv2Vfc="},"chainType":1,"messageKeys":{}}},"pendingPreKey":{"signedKeyId":1,"baseKey":"BRCREzLuixjF8RcNrH7PeKZIgo5TXzPGNGKBzbT7Aqxi"}}},"version":"v1"}