{"_sessions":{"BXmBmGxCImPYs7EgY6vIL0lBz3QLes4uVg2m1ev3mt0y":{"registrationId":677539320,"currentRatchet":{"ephemeralKeyPair":{"pubKey":"BcOlCuYhDAtq7be0cfdPyZ0chDGczw6jGF+hApzIaCBX","privKey":"uLDNX9Dncr3HH+b+fo+FdGrwJx4vFSJP/LyBci6T90o="},"lastRemoteEphemeralKey":"BYBD0yGbdoYY9KSBN1xnv7Um/eDSqCo0Mcft+DjQRAEJ","previousCounter":0,"rootKey":"1RlKuEfTvVhWdEBXCAm9CqYDC/QJlTruLMa41rrZVn0="},"indexInfo":{"baseKey":"BXmBmGxCImPYs7EgY6vIL0lBz3QLes4uVg2m1ev3mt0y","baseKeyType":1,"closed":1686139271904,"used":1686138797832,"created":1686138797832,"remoteIdentityKey":"BZO9yfe55r1y4S9XFMHagJyXtDR7OfwH92Ai29KscpJT"},"_chains":{"BcOlCuYhDAtq7be0cfdPyZ0chDGczw6jGF+hApzIaCBX":{"chainKey":{"counter":27,"key":"GV9VK6cVJc0pZSysT2OiPnuduuAu5rVvPjzNaerGf7Q="},"chainType":1,"messageKeys":{}}},"pendingPreKey":{"signedKeyId":1,"baseKey":"BXmBmGxCImPYs7EgY6vIL0lBz3QLes4uVg2m1ev3mt0y","preKeyId":11614979}},"BbGbNg6kb+FgsaZBR5LNjPhMui8VaeBCXmfAeUNuTygf":{"registrationId":677539320,"currentRatchet":{"ephemeralKeyPair":{"pubKey":"Bdvwhai34syx/MHDHcpmC2bG5z/6HciBYrZ6wlPtwPMw","privKey":"6Ce8cQPoiK1n/4C1f59Zq7KuYo4tnuWrJY+z+TmyY2s="},"lastRemoteEphemeralKey":"BYBD0yGbdoYY9KSBN1xnv7Um/eDSqCo0Mcft+DjQRAEJ","previousCounter":0,"rootKey":"pFka8CjO+HFLTgjhbx+Wk6gzYycEReHjH7A+JfCsjsY="},"indexInfo":{"baseKey":"BbGbNg6kb+FgsaZBR5LNjPhMui8VaeBCXmfAeUNuTygf","baseKeyType":1,"closed":-1,"used":1686139271823,"created":1686139271823,"remoteIdentityKey":"BZO9yfe55r1y4S9XFMHagJyXtDR7OfwH92Ai29KscpJT"},"_chains":{"Bdvwhai34syx/MHDHcpmC2bG5z/6HciBYrZ6wlPtwPMw":{"chainKey":{"counter":235,"key":"r4V88JpKucLOPFgQsyuAPi3GlbNfOsmcoWV3DyETw3o="},"chainType":1,"messageKeys":{}}},"pendingPreKey":{"signedKeyId":1,"baseKey":"BbGbNg6kb+FgsaZBR5LNjPhMui8VaeBCXmfAeUNuTygf","preKeyId":11615329}}},"version":"v1"}