{"_sessions":{"BRPAU4lk7NAGnHTttYY8e4JFdykNoF3ShUeTfp7q/2Eo":{"registrationId":309535437,"currentRatchet":{"ephemeralKeyPair":{"pubKey":"BWVlYb0bqTaU1EVpo3LgdHIaSVcuCLMNp0V82mSww8VH","privKey":"EMxtCeRT2cW5PXOvzkBiiOw6xpxpwhuBs6Hdourje3U="},"lastRemoteEphemeralKey":"BUHj6tqpqq+1E+rvUQEdDzW3SSNwqPcVLXRiGmpY0ABZ","previousCounter":0,"rootKey":"GbW9yhieFb6MrXzXplVxO0xRenne8JvEo0dUQhTTPTU="},"indexInfo":{"baseKey":"BRPAU4lk7NAGnHTttYY8e4JFdykNoF3ShUeTfp7q/2Eo","baseKeyType":1,"closed":-1,"used":1686138802205,"created":1686138802205,"remoteIdentityKey":"BS9iN8luPKuf0UQAmt7VD9w+nksat40SvJ+sXpuMRGQR"},"_chains":{"BWVlYb0bqTaU1EVpo3LgdHIaSVcuCLMNp0V82mSww8VH":{"chainKey":{"counter":263,"key":"ccOXEaSC0TWlKwWvn3JsgIXSGc3PPuK7U5VxTzdyQD8="},"chainType":1,"messageKeys":{}}},"pendingPreKey":{"signedKeyId":3,"baseKey":"BRPAU4lk7NAGnHTttYY8e4JFdykNoF3ShUeTfp7q/2Eo","preKeyId":2069559}}},"version":"v1"}