{"_sessions":{"BSPAxtA71mIhAdxFHeEjt/1KqTLlIhzu8tGOcdwjwOAu":{"registrationId":217,"currentRatchet":{"ephemeralKeyPair":{"pubKey":"BWQShGJ5rRF2tg1rPrfHrfwAQw9YbRPfcPY/udtTtLAg","privKey":"kGT4f0DSlc7BsehUYdINAKJtdFUzEQ7Azu9sG+12J0g="},"lastRemoteEphemeralKey":"BUHWBy78SDZnCPu8PFV6c1lcJ7WP9irXD/sQgF/pw04t","previousCounter":0,"rootKey":"8/CcGs+jY1xLfJmjT1E3pyCpRLv2qhsLA8DNiR+ccxE="},"indexInfo":{"baseKey":"BSPAxtA71mIhAdxFHeEjt/1KqTLlIhzu8tGOcdwjwOAu","baseKeyType":1,"closed":1686138962482,"used":1686138795676,"created":1686138795676,"remoteIdentityKey":"BV2C+X0QH5Gc6P53ZbqQV2CDy5Lh/ybZOaTW3pR2BxgT"},"_chains":{"BWQShGJ5rRF2tg1rPrfHrfwAQw9YbRPfcPY/udtTtLAg":{"chainKey":{"counter":0,"key":"BxAN5l2Nt+o3BHcuJk378ylEjcOCwOOMdK+NzZU9DzI="},"chainType":1,"messageKeys":{}}},"pendingPreKey":{"signedKeyId":1,"baseKey":"BSPAxtA71mIhAdxFHeEjt/1KqTLlIhzu8tGOcdwjwOAu","preKeyId":1040}},"BVXlT4uTTqNkS4GwPg3Rr7+g8R4NJFdNWflvB4wibzxF":{"registrationId":217,"currentRatchet":{"ephemeralKeyPair":{"pubKey":"BWiFPP8vaMjgRH5JAfYbPRSnEcRrNQGULLPBcRhGe1Bc","privKey":"qBfwKWWPPe821yNIrujaTALXOw4Efz2ECZPhPULHPFo="},"lastRemoteEphemeralKey":"BaUkoHI6q3Q9H+1p+sak46GX/j7xDXV5cbCtWiia/KUF","previousCounter":0,"rootKey":"IDRBxeGqnSvtCUGWLKA4pN17vAaLoLyOwzPfTH1XfTc="},"indexInfo":{"baseKey":"BVXlT4uTTqNkS4GwPg3Rr7+g8R4NJFdNWflvB4wibzxF","baseKeyType":2,"closed":1686139686493,"used":1686138962555,"created":1686138962555,"remoteIdentityKey":"BV2C+X0QH5Gc6P53ZbqQV2CDy5Lh/ybZOaTW3pR2BxgT"},"_chains":{"BaUkoHI6q3Q9H+1p+sak46GX/j7xDXV5cbCtWiia/KUF":{"chainKey":{"counter":0,"key":"60pcLbBPldw6SfvGgKXLitfvQgw0i4m8Ke56B4r9abw="},"chainType":2,"messageKeys":{}},"BWiFPP8vaMjgRH5JAfYbPRSnEcRrNQGULLPBcRhGe1Bc":{"chainKey":{"counter":81,"key":"/dPZW00oODXyO66eU+OZDIQ5DpUNZHRN4JaJ/7a91FU="},"chainType":1,"messageKeys":{}}}},"BaevuoI1pKDxGQ9N5tYLnkJhNHWVzVgB6/Og0xe1379b":{"registrationId":217,"currentRatchet":{"ephemeralKeyPair":{"pubKey":"Bat6hR8vwoH4ht0v9kGLdB74oQkfoMnRPF31BDLqT7Ak","privKey":"sGf5pAZo+PuUQyuea5OYGkW0+6StivfW551ZM+qYpXw="},"lastRemoteEphemeralKey":"BUHWBy78SDZnCPu8PFV6c1lcJ7WP9irXD/sQgF/pw04t","previousCounter":0,"rootKey":"hrnWdoP5Xeu1ShYfXFivoxj4g5JaCqPeM9MMmXGszsw="},"indexInfo":{"baseKey":"BaevuoI1pKDxGQ9N5tYLnkJhNHWVzVgB6/Og0xe1379b","baseKeyType":1,"closed":1686139694765,"used":1686139686448,"created":1686139686448,"remoteIdentityKey":"BV2C+X0QH5Gc6P53ZbqQV2CDy5Lh/ybZOaTW3pR2BxgT"},"_chains":{"Bat6hR8vwoH4ht0v9kGLdB74oQkfoMnRPF31BDLqT7Ak":{"chainKey":{"counter":1,"key":"khbAnHhqzVNy0qHgWeZYwkYGQhcFLzvVM2PJKYBa664="},"chainType":1,"messageKeys":{}}},"pendingPreKey":{"signedKeyId":1,"baseKey":"BaevuoI1pKDxGQ9N5tYLnkJhNHWVzVgB6/Og0xe1379b","preKeyId":1045}},"BSwqA0XxR4ViQQKdpmFnlB3bnJP2AjC0zCk/2Q6m4iBg":{"registrationId":217,"currentRatchet":{"ephemeralKeyPair":{"pubKey":"BdDoqUS0zA/I2CYbTFA7eIyF2cO6RhLoe4wuu/PDMg1S","privKey":"yHmmUUXP50iZneXrhM+yEQLcMiHzpoFUmHWX2wq+NGY="},"lastRemoteEphemeralKey":"BUHWBy78SDZnCPu8PFV6c1lcJ7WP9irXD/sQgF/pw04t","previousCounter":0,"rootKey":"Ne+RlpgLsBycr1hMvBm1wuTs7VCq3XNYUlKlmhemmeE="},"indexInfo":{"baseKey":"BSwqA0XxR4ViQQKdpmFnlB3bnJP2AjC0zCk/2Q6m4iBg","baseKeyType":1,"closed":1686139708585,"used":1686139694474,"created":1686139694474,"remoteIdentityKey":"BV2C+X0QH5Gc6P53ZbqQV2CDy5Lh/ybZOaTW3pR2BxgT"},"_chains":{"BdDoqUS0zA/I2CYbTFA7eIyF2cO6RhLoe4wuu/PDMg1S":{"chainKey":{"counter":2,"key":"mEPJYelf0kDDSiK+H16X9/wH3vZIKlde5TCu5NP8eiU="},"chainType":1,"messageKeys":{}}},"pendingPreKey":{"signedKeyId":1,"baseKey":"BSwqA0XxR4ViQQKdpmFnlB3bnJP2AjC0zCk/2Q6m4iBg","preKeyId":1068}},"Bdmtfo7GgwSHpYiEPyKG/9Au4LTuGyVCSwbss1H55/cl":{"registrationId":217,"currentRatchet":{"ephemeralKeyPair":{"pubKey":"BYzc5Umxo1sW84/SSl4XDy9gdvRjvDGjBmyt0nwy4oMS","privKey":"EEwwXY2jYi6/zKDRp6jlO6dQHNgtqYsla3UUBiKQJVU="},"lastRemoteEphemeralKey":"BUHWBy78SDZnCPu8PFV6c1lcJ7WP9irXD/sQgF/pw04t","previousCounter":0,"rootKey":"9nIleFv6+Y8pLvF9H96QEOgK5B32V+KcrkgXbgEkuHg="},"indexInfo":{"baseKey":"Bdmtfo7GgwSHpYiEPyKG/9Au4LTuGyVCSwbss1H55/cl","baseKeyType":1,"closed":-1,"used":1686139708555,"created":1686139708555,"remoteIdentityKey":"BV2C+X0QH5Gc6P53ZbqQV2CDy5Lh/ybZOaTW3pR2BxgT"},"_chains":{"BYzc5Umxo1sW84/SSl4XDy9gdvRjvDGjBmyt0nwy4oMS":{"chainKey":{"counter":175,"key":"JF+6VjJ0Pl++Mr5GM2QYLdI2VdnX65R0T1mPxGXytUw="},"chainType":1,"messageKeys":{}}},"pendingPreKey":{"signedKeyId":1,"baseKey":"Bdmtfo7GgwSHpYiEPyKG/9Au4LTuGyVCSwbss1H55/cl","preKeyId":1051}}},"version":"v1"}