{"_sessions":{"BV/pQn+YpDun2HkbY1iKQariDY64slhbXy51yBlcTL9C":{"registrationId":1250230247,"currentRatchet":{"ephemeralKeyPair":{"pubKey":"BVbeqCjhC1jX9ALn8DYfL0gWRnnUe4oqaWaMfaZHA1kH","privKey":"SKwvNkZ30u0L+S0MAeLtZNxaDdspwU85HJVhJuUCJXM="},"lastRemoteEphemeralKey":"BZzGsB7NkthhEVpUWrRfETCmt8QlZdpscR98xx9iv8No","previousCounter":0,"rootKey":"vtAQuuo6Be/W+v+/9KPS4FZFeHzYx1tk1pHz+fx/wWM="},"indexInfo":{"baseKey":"BV/pQn+YpDun2HkbY1iKQariDY64slhbXy51yBlcTL9C","baseKeyType":1,"closed":1686139023689,"used":1686138801613,"created":1686138801613,"remoteIdentityKey":"BbxECCO1HupXHBBohz3RlpOs+48B3QnX8CbCs58uehhH"},"_chains":{"BVbeqCjhC1jX9ALn8DYfL0gWRnnUe4oqaWaMfaZHA1kH":{"chainKey":{"counter":0,"key":"gNDtS3AdQFP+VJJY5gGe2b5e7POec/CWUqZMPb7bB3k="},"chainType":1,"messageKeys":{}}},"pendingPreKey":{"signedKeyId":6,"baseKey":"BV/pQn+YpDun2HkbY1iKQariDY64slhbXy51yBlcTL9C","preKeyId":10924529}},"Bf/5XKXqq2eMJtcTmpWhDVo9fjSOJY8VwBEP8YmjlBpT":{"registrationId":1250230247,"currentRatchet":{"ephemeralKeyPair":{"pubKey":"BZD3cinHf0nUu/f13eq/pt/O1qXLwGqSx1jMLaBz5SZj","privKey":"GLkiDn2lZbt9wMGnhnAUfvqFBVk1KAym/OcT+289RFc="},"lastRemoteEphemeralKey":"Bch5Wt7YqycOBdUuXq+D+yDY6b6Fh1+pi027KicvAFBn","previousCounter":0,"rootKey":"2v4nfI8KzbQ6sQJGo7PeTCkZk5h3HWtlwWLx0FqoR6s="},"indexInfo":{"baseKey":"Bf/5XKXqq2eMJtcTmpWhDVo9fjSOJY8VwBEP8YmjlBpT","baseKeyType":2,"closed":-1,"used":1686139024051,"created":1686139024051,"remoteIdentityKey":"BbxECCO1HupXHBBohz3RlpOs+48B3QnX8CbCs58uehhH"},"_chains":{"Bch5Wt7YqycOBdUuXq+D+yDY6b6Fh1+pi027KicvAFBn":{"chainKey":{"counter":1,"key":"kiOG3hEPodussbbEo7sGV69KbCrbm30a4bLdVznrmZU="},"chainType":2,"messageKeys":{}},"BZD3cinHf0nUu/f13eq/pt/O1qXLwGqSx1jMLaBz5SZj":{"chainKey":{"counter":262,"key":"iPeRm+Fl0COzwzV0tnxkVBO+yu8qvTqv5n03uIeUusQ="},"chainType":1,"messageKeys":{}}}}},"version":"v1"}