{"_sessions":{"BYwZye079MaMQ6OjdTHd+uCcojGapW1e0FGqCmP6G34D":{"registrationId":367341534,"currentRatchet":{"ephemeralKeyPair":{"pubKey":"BXI3a87dWV4hpLA7j1Qz7D4W0urtXwyPbcWSB1zxSCFZ","privKey":"WCNoFZuzfQ4QaKeNUtX7ClQdTJez8J/+WnJiplOmJnU="},"lastRemoteEphemeralKey":"BVDKbv70xUJg15IbqCJQcPwcGrTTy/3vkkjDhJdcKNAW","previousCounter":0,"rootKey":"yE49VaPPO4PmybtJEXMSd7wbJBWyIxRLw+fm9YJs9RQ="},"indexInfo":{"baseKey":"BYwZye079MaMQ6OjdTHd+uCcojGapW1e0FGqCmP6G34D","baseKeyType":1,"closed":-1,"used":1686138799894,"created":1686138799894,"remoteIdentityKey":"BVZ4WDTA/PmCWHT8B9wO2lSSYoSKPIOn3gjyRAQAeGAQ"},"_chains":{"BXI3a87dWV4hpLA7j1Qz7D4W0urtXwyPbcWSB1zxSCFZ":{"chainKey":{"counter":263,"key":"v0CJIY9i4WCmFv8c/Iviuz6OxHYPYrOQ2aW4P8nVpX4="},"chainType":1,"messageKeys":{}}},"pendingPreKey":{"signedKeyId":0,"baseKey":"BYwZye079MaMQ6OjdTHd+uCcojGapW1e0FGqCmP6G34D","preKeyId":7924895}}},"version":"v1"}