{"_sessions":{"Bd13Q0eDZhDV21LoYE8s1LwTYKNQ2mvwrnp0r6/gJYIF":{"registrationId":117042891,"currentRatchet":{"ephemeralKeyPair":{"pubKey":"BZ/vqDZMJo/I8kJ7MSHuZU1aB3o1QJptcAXJK7Jau7MA","privKey":"ELZYwJFAoA1jCteLscOvE/mmSXiEiRsUe8YDxt8c8kk="},"lastRemoteEphemeralKey":"BSn4Np27Gnb1NuKUuVdbf0/csk7LbuF4P9XFrlvT76Zl","previousCounter":0,"rootKey":"5Pe5oxm+fJBUXKdUsChKiQ2MpIGz8doVadvM5mfViSc="},"indexInfo":{"baseKey":"Bd13Q0eDZhDV21LoYE8s1LwTYKNQ2mvwrnp0r6/gJYIF","baseKeyType":1,"closed":1686139527498,"used":1686138800545,"created":1686138800545,"remoteIdentityKey":"BWc0rBxtcnsMDjdz7P/iaCt0kPd1iWs3x7o6lLX5xFJS"},"_chains":{"BZ/vqDZMJo/I8kJ7MSHuZU1aB3o1QJptcAXJK7Jau7MA":{"chainKey":{"counter":71,"key":"8JpXUQLOwZ3LuA07U3KfSmDM6tPD2hJV+J5Or4C86uo="},"chainType":1,"messageKeys":{}}},"pendingPreKey":{"signedKeyId":0,"baseKey":"Bd13Q0eDZhDV21LoYE8s1LwTYKNQ2mvwrnp0r6/gJYIF","preKeyId":1542559}},"Bban/tVWCzE8lcPSrgB/gmJuKIis43u/5BmV2l5e4Y8i":{"registrationId":117042891,"currentRatchet":{"ephemeralKeyPair":{"pubKey":"BfJYRXqiQRPHd2PW3mBxuw+MgOA24bT71VbFWk/k3id8","privKey":"kJ7223zRfwqa4okopPIK4KWZD3rrfjjnQXugnVAmUXY="},"lastRemoteEphemeralKey":"BSn4Np27Gnb1NuKUuVdbf0/csk7LbuF4P9XFrlvT76Zl","previousCounter":0,"rootKey":"KOidakpTVHW02gAKBxEecpd96nu8QkolCcgqqZRjDgc="},"indexInfo":{"baseKey":"Bban/tVWCzE8lcPSrgB/gmJuKIis43u/5BmV2l5e4Y8i","baseKeyType":1,"closed":-1,"used":1686139527430,"created":1686139527430,"remoteIdentityKey":"BWc0rBxtcnsMDjdz7P/iaCt0kPd1iWs3x7o6lLX5xFJS"},"_chains":{"BfJYRXqiQRPHd2PW3mBxuw+MgOA24bT71VbFWk/k3id8":{"chainKey":{"counter":191,"key":"QUcap8qFy2lA4ok03wZMJMOUHlTZmsYLII0dbZjt+Pw="},"chainType":1,"messageKeys":{}}},"pendingPreKey":{"signedKeyId":0,"baseKey":"Bban/tVWCzE8lcPSrgB/gmJuKIis43u/5BmV2l5e4Y8i","preKeyId":1542569}}},"version":"v1"}