{"_sessions":{"BSVI/N7RhsesaFVSSURiqE5iKbX5EC+j6SEVzPZ+oNYs":{"registrationId":1230847856,"currentRatchet":{"ephemeralKeyPair":{"pubKey":"BRAzKxpWgzEO/NHfzHr/VzLk6CPU3ywjXJQnms3AYmUO","privKey":"SG4eVxVkzdrPUvLhUl+9IO6/BXX8vlmNHl3jROdXtV8="},"lastRemoteEphemeralKey":"BRsKsRv8LpN8yGzrNA1PztW/q7qVpLjUy66gLXj/N4Yp","previousCounter":0,"rootKey":"6VYgvNns2sxKxS4vfMzPc76w2fm4AMG+xKn3Ur8ddQw="},"indexInfo":{"baseKey":"BSVI/N7RhsesaFVSSURiqE5iKbX5EC+j6SEVzPZ+oNYs","baseKeyType":1,"closed":1686139134783,"used":1686138803286,"created":1686138803286,"remoteIdentityKey":"Bdq3gLj/TMMNwMaSDlbljQTvn9JuCjBMWkSoRxSg+11w"},"_chains":{"BRAzKxpWgzEO/NHfzHr/VzLk6CPU3ywjXJQnms3AYmUO":{"chainKey":{"counter":8,"key":"7b6xee1lP9dKNpvxa0+SnICAxinqQmZAacF+GZGqJbM="},"chainType":1,"messageKeys":{}}},"pendingPreKey":{"signedKeyId":7,"baseKey":"BSVI/N7RhsesaFVSSURiqE5iKbX5EC+j6SEVzPZ+oNYs","preKeyId":16155709}},"BfviEa04KS5RUYmyXbfVRT/vikDPB0ZCTOC/TRmFgN84":{"registrationId":1230847856,"currentRatchet":{"ephemeralKeyPair":{"pubKey":"BTmRdn+8pzZf915DJo9uZD4zGNoXg2Eqq7xWDWZ/eNQv","privKey":"iEBRpI/4b7DQbyq2TJ0vVqzAwQzDqzByolKtlHLTY0w="},"lastRemoteEphemeralKey":"BRsKsRv8LpN8yGzrNA1PztW/q7qVpLjUy66gLXj/N4Yp","previousCounter":0,"rootKey":"I1fUB+XfGXXO2TZOZLZJBWNhOz33aR6lXq3IbjMEyeM="},"indexInfo":{"baseKey":"BfviEa04KS5RUYmyXbfVRT/vikDPB0ZCTOC/TRmFgN84","baseKeyType":1,"closed":-1,"used":1686139134741,"created":1686139134741,"remoteIdentityKey":"Bdq3gLj/TMMNwMaSDlbljQTvn9JuCjBMWkSoRxSg+11w"},"_chains":{"BTmRdn+8pzZf915DJo9uZD4zGNoXg2Eqq7xWDWZ/eNQv":{"chainKey":{"counter":254,"key":"Nq45SRJxNY+bnZqxyTmGUKsvEjVLVLhJ5782nQ/s68A="},"chainType":1,"messageKeys":{}}},"pendingPreKey":{"signedKeyId":7,"baseKey":"BfviEa04KS5RUYmyXbfVRT/vikDPB0ZCTOC/TRmFgN84","preKeyId":16155674}}},"version":"v1"}