{"_sessions":{"BeQ7GBRoMpF+IO204oqAg9fI9qGCwPIN5AaSunrIULl4":{"registrationId":843187510,"currentRatchet":{"ephemeralKeyPair":{"pubKey":"BVVek6eYnromjbE+JkUvpBCL32wB20MYTWqlA6a1sDE9","privKey":"2LxBCEl/k/3y4TZCbUkFoUwPsESFTj+uhWir7D6tFGk="},"lastRemoteEphemeralKey":"BdNPYWIeZaNMXlE8tWnZNniZZIhH1RhSdn66wJYqVItW","previousCounter":0,"rootKey":"JYfiYY4/Gr2bABTD/coYkV+RKkgUwXj0WQ5eBQ1JfZc="},"indexInfo":{"baseKey":"BeQ7GBRoMpF+IO204oqAg9fI9qGCwPIN5AaSunrIULl4","baseKeyType":1,"closed":-1,"used":1686138802305,"created":1686138802305,"remoteIdentityKey":"BQVC2UubbWFvRt8ZYvIr/4jrzqf9T150ocBjpOfm+/AJ"},"_chains":{"BVVek6eYnromjbE+JkUvpBCL32wB20MYTWqlA6a1sDE9":{"chainKey":{"counter":263,"key":"tkG+DSGFa2SMo7UByldWG30uofe71m2Fg6ndoVOMJAc="},"chainType":1,"messageKeys":{}}},"pendingPreKey":{"signedKeyId":5,"baseKey":"BeQ7GBRoMpF+IO204oqAg9fI9qGCwPIN5AaSunrIULl4","preKeyId":3365537}}},"version":"v1"}