{"_sessions":{"BUD8/RC6+unCOF4m/Kgre1s1kXQylDymKAo3ZUttoc83":{"registrationId":831628350,"currentRatchet":{"ephemeralKeyPair":{"pubKey":"BQtJ/ebBkKdgH23TUSl9q7Rv6mjtlUo8mEyBXipZLdkA","privKey":"YOJ/znRq8lL5rdRk2i33PsKWnpyU7pT7MgkTKvNVWlc="},"lastRemoteEphemeralKey":"BXMypOVRIB9piwYq7I8m0kslN4iK3JgBmQDV4MaH/5pH","previousCounter":0,"rootKey":"o+gFCbFMu7OjGNBRPYBn23n6dyEmH90M5dJX2PovdZo="},"indexInfo":{"baseKey":"BUD8/RC6+unCOF4m/Kgre1s1kXQylDymKAo3ZUttoc83","baseKeyType":1,"closed":-1,"used":1686138800098,"created":1686138800098,"remoteIdentityKey":"Bcte29mWm/CvwCu8eyfPCy+TGeHb2319fEPRqORf4IsT"},"_chains":{"BQtJ/ebBkKdgH23TUSl9q7Rv6mjtlUo8mEyBXipZLdkA":{"chainKey":{"counter":263,"key":"dXySefvYvbyYncnQ3o9piehVUbSz8jkboItmwsoxciQ="},"chainType":1,"messageKeys":{}}},"pendingPreKey":{"signedKeyId":0,"baseKey":"BUD8/RC6+unCOF4m/Kgre1s1kXQylDymKAo3ZUttoc83","preKeyId":14194760}}},"version":"v1"}