{"_sessions":{"BdmVonAyQJCl83xLTV9C0aqGlAITYxC3qHgaKEyW5RVa":{"registrationId":1791324825,"currentRatchet":{"ephemeralKeyPair":{"pubKey":"BQfzrHwdMeVDVzGFCUmGJVQRObVzxeQFunbzHtpDYt9E","privKey":"sBYwGJV8mJuXNB8MB80Hal+CNcmqRVYhKha0k0CSD0E="},"lastRemoteEphemeralKey":"BQ0M4fEBrqJLH+kq1RJpMexSu6csDPj94zkO62EHPbtf","previousCounter":0,"rootKey":"KkaS4Ze5m18jfMGDQNieBwD97sIk+CO2JlEvPyRsrpE="},"indexInfo":{"baseKey":"BdmVonAyQJCl83xLTV9C0aqGlAITYxC3qHgaKEyW5RVa","baseKeyType":1,"closed":-1,"used":1686138800472,"created":1686138800472,"remoteIdentityKey":"Bfm3oMNBF4gAbE1erlbr5DAx3UKJ0DibpKy+BqRXYHJL"},"_chains":{"BQfzrHwdMeVDVzGFCUmGJVQRObVzxeQFunbzHtpDYt9E":{"chainKey":{"counter":263,"key":"TBJtOH25+TzmcCwjTfj9entAgbRnlTPVNY6vABk6awQ="},"chainType":1,"messageKeys":{}}},"pendingPreKey":{"signedKeyId":4,"baseKey":"BdmVonAyQJCl83xLTV9C0aqGlAITYxC3qHgaKEyW5RVa","preKeyId":5367538}}},"version":"v1"}