{"_sessions":{"BbIBAcRKEKiBui7dkIOZsXAvZyOlwZKrlAPMuD941iR0":{"registrationId":240283925,"currentRatchet":{"ephemeralKeyPair":{"pubKey":"BUqvUbBpdLcxCgw4C82KATtOfkcMsxm1dM+3P0cULq8k","privKey":"gHnRUg7r5qbOOj7bQficGryQsnGxURDo1k5paTGai34="},"lastRemoteEphemeralKey":"BTYzVhQzFSVabLi3Bms7VHMSJx5GKkSxfwLbYq+LJTJK","previousCounter":0,"rootKey":"WOM0lpKt0aDeP74fzijT7eYsO+P2HtkuT85cTPWJ3Sw="},"indexInfo":{"baseKey":"BbIBAcRKEKiBui7dkIOZsXAvZyOlwZKrlAPMuD941iR0","baseKeyType":1,"closed":-1,"used":1686138796942,"created":1686138796942,"remoteIdentityKey":"BfOjQeh4R24JTUbQW0AX9eWxDk4K+PCUTcmhI0PIOCMc"},"_chains":{"BUqvUbBpdLcxCgw4C82KATtOfkcMsxm1dM+3P0cULq8k":{"chainKey":{"counter":263,"key":"Lm1GZJz7uk/KpLGj81NmDgkriMoDvVqIWCthxa+4mCM="},"chainType":1,"messageKeys":{}}},"pendingPreKey":{"signedKeyId":1,"baseKey":"BbIBAcRKEKiBui7dkIOZsXAvZyOlwZKrlAPMuD941iR0"}}},"version":"v1"}