{"_sessions":{"BYZA6+WaVAEiNgrsDioQRz1t6wHFHROfkkvNxL4EuXJt":{"registrationId":923886406,"currentRatchet":{"ephemeralKeyPair":{"pubKey":"BciHjfI57Q0f5KdVefAESEzyCErh8soTzQw82hqLe2JM","privKey":"KFqs7Rrz67ypCXW5mumu7wQSYaQOyn/H4SgqGNtoxms="},"lastRemoteEphemeralKey":"BVZ/l6Jqj7z8nyMl8bJN3wV+W58c+YT6Vc5H6sOYFil1","previousCounter":0,"rootKey":"OV2VvsNYdfSgiGZnBTNkaZfguvgMHGCLioJoKoC+jkM="},"indexInfo":{"baseKey":"BYZA6+WaVAEiNgrsDioQRz1t6wHFHROfkkvNxL4EuXJt","baseKeyType":1,"closed":1686139362724,"used":1686138803521,"created":1686138803521,"remoteIdentityKey":"BT9V+4Af3mIovcHfQE9nelbd35kgxRpA7zDo9cv5gFQP"},"_chains":{"BciHjfI57Q0f5KdVefAESEzyCErh8soTzQw82hqLe2JM":{"chainKey":{"counter":51,"key":"hr8peAjNAgTx4RySzXNGkolUpW4BUMDV5IRpz8ruuZw="},"chainType":1,"messageKeys":{}}},"pendingPreKey":{"signedKeyId":31,"baseKey":"BYZA6+WaVAEiNgrsDioQRz1t6wHFHROfkkvNxL4EuXJt","preKeyId":10598154}},"BYrJbD5sIIq1ksv1uMBb7+/jn3jAsoj5DQ6cS6bnNyte":{"registrationId":923886406,"currentRatchet":{"ephemeralKeyPair":{"pubKey":"Bc3DyHt74LgOjzgdoM+ETSOWRG0TSI4fNWv8bbQ4Ydw+","privKey":"YG37crn21ZPTiNlBqBzb32wVNZVWKtjEtNI25amdP3E="},"lastRemoteEphemeralKey":"BVZ/l6Jqj7z8nyMl8bJN3wV+W58c+YT6Vc5H6sOYFil1","previousCounter":0,"rootKey":"MraoIRp+tVkaOcdsVbYR3X6pxA+9IWmxl/U62GtOOTY="},"indexInfo":{"baseKey":"BYrJbD5sIIq1ksv1uMBb7+/jn3jAsoj5DQ6cS6bnNyte","baseKeyType":1,"closed":-1,"used":1686139362720,"created":1686139362720,"remoteIdentityKey":"BT9V+4Af3mIovcHfQE9nelbd35kgxRpA7zDo9cv5gFQP"},"_chains":{"Bc3DyHt74LgOjzgdoM+ETSOWRG0TSI4fNWv8bbQ4Ydw+":{"chainKey":{"counter":211,"key":"sJb4pr0lrpx6BXyvUIqnS36B0e0Fkba/KMgMjrWeppA="},"chainType":1,"messageKeys":{}}},"pendingPreKey":{"signedKeyId":31,"baseKey":"BYrJbD5sIIq1ksv1uMBb7+/jn3jAsoj5DQ6cS6bnNyte","preKeyId":10598128}}},"version":"v1"}