{"_sessions":{"BTcDC8RVeTQsGG8Gunsmfl4JbM35F2D8qMDaemEX1+Mm":{"registrationId":81176718,"currentRatchet":{"ephemeralKeyPair":{"pubKey":"BQ2f7G/iq782OICqiQNW5O4szXLqwhAEgHdH5VNquPd0","privKey":"QDG/K3I+SiedNhEc0PiaBcmTEHmwFssQNE92luKLFGo="},"lastRemoteEphemeralKey":"BaZp6KEBD1lUIXuJ/E2/3DXlt2BLu0EPxNOVRcrRwjJ0","previousCounter":0,"rootKey":"uMhvtJeykjjE1j4KekT0J8aBz1WFcjTD7SHBIh1pDnE="},"indexInfo":{"baseKey":"BTcDC8RVeTQsGG8Gunsmfl4JbM35F2D8qMDaemEX1+Mm","baseKeyType":1,"closed":-1,"used":1686138801028,"created":1686138801028,"remoteIdentityKey":"BUSkgVygkMpl1UjxDSGuZa1joU/3kzUkrcqWVZ6d66VA"},"_chains":{"BQ2f7G/iq782OICqiQNW5O4szXLqwhAEgHdH5VNquPd0":{"chainKey":{"counter":263,"key":"+YpfdBGDoFqMrQC0jsWDzQ1G8scJIh4Ve6ph8CbraF0="},"chainType":1,"messageKeys":{}}},"pendingPreKey":{"signedKeyId":2,"baseKey":"BTcDC8RVeTQsGG8Gunsmfl4JbM35F2D8qMDaemEX1+Mm","preKeyId":12130873}}},"version":"v1"}