{"_sessions":{"BfBy++cKKkMnsxsDci0f3utwL0ETR5hQ0V9QN14y0n1Q":{"registrationId":107,"currentRatchet":{"ephemeralKeyPair":{"pubKey":"BV9B75aeTj9ne7RiIYcx2kZkRvwk9HtBxBkx6tDakKsW","privKey":"QFN01tcoqbBvo1xQfvQXAipKNbbKRWnGxf99jkHmF2o="},"lastRemoteEphemeralKey":"BasA3pX7Wlbvv8vwZbNsX4kCpLmXPVxESPnkO5+G3l4N","previousCounter":0,"rootKey":"3hcecxrFe0k1MUzlj922ahzOpd360KrV3CH1ATgi1J4="},"indexInfo":{"baseKey":"BfBy++cKKkMnsxsDci0f3utwL0ETR5hQ0V9QN14y0n1Q","baseKeyType":1,"closed":-1,"used":1686138796373,"created":1686138796373,"remoteIdentityKey":"BRp0ycgxS5mNwcH4iNnrnT0S0ZWYvFKIUDPfk4zv4bRG"},"_chains":{"BV9B75aeTj9ne7RiIYcx2kZkRvwk9HtBxBkx6tDakKsW":{"chainKey":{"counter":263,"key":"c0YiE/7SQsH50KSuYPlw6T/MgbYKH3/+aM2qsQLKOfg="},"chainType":1,"messageKeys":{}}},"pendingPreKey":{"signedKeyId":1,"baseKey":"BfBy++cKKkMnsxsDci0f3utwL0ETR5hQ0V9QN14y0n1Q"}}},"version":"v1"}