{"_sessions":{"BUFoyetw8airq2b3NvksqOw9FPCPkCRkDu7JPvh9wJoJ":{"registrationId":600466430,"currentRatchet":{"ephemeralKeyPair":{"pubKey":"BYwFalpQNonhRRDq+XW6RxkJ90qVvBjHirMwW7uGB70L","privKey":"wDr58F+GzaDsUu8EHYTsbuR5aNPHIXtobCZM1gBq2Wg="},"lastRemoteEphemeralKey":"Bfy3VCIAXnwmtyeF6zfz7MMQfSnlVNxFyuu3EXS5McBd","previousCounter":0,"rootKey":"0Y4kgZ+cCwH32ZR8i94mK/5jZMBg5mP7j2WNC4d5scw="},"indexInfo":{"baseKey":"BUFoyetw8airq2b3NvksqOw9FPCPkCRkDu7JPvh9wJoJ","baseKeyType":1,"closed":-1,"used":1686138802767,"created":1686138802767,"remoteIdentityKey":"BUtPGJmmohIcfuP7crNK9ezoio1mZizdadpsI6EfECMj"},"_chains":{"BYwFalpQNonhRRDq+XW6RxkJ90qVvBjHirMwW7uGB70L":{"chainKey":{"counter":263,"key":"yr/eTTcbsvXBI+QnJEEqEGooXL/C2jgHcY6eZqooZ9A="},"chainType":1,"messageKeys":{}}},"pendingPreKey":{"signedKeyId":0,"baseKey":"BUFoyetw8airq2b3NvksqOw9FPCPkCRkDu7JPvh9wJoJ"}}},"version":"v1"}