{"_sessions":{"BUOXew6UU0D/1SEtui16OD16QJ4iz1lWBGxJpwaiJ7pm":{"registrationId":1550659126,"currentRatchet":{"ephemeralKeyPair":{"pubKey":"BX/nr5lw+kg1x66MMCUxh8Fk4qS+pEn7Cvl3UU/KSSQN","privKey":"kJ0hz0DOExYZQNF/w/zEeXk6c+AwqSmO6WE9eQDi10E="},"lastRemoteEphemeralKey":"BYCLfZVyZo6v1qUC77uMxmqMZ5c6LdplVIWcErfImdsB","previousCounter":0,"rootKey":"7flYGMQ+oUM6BeLfqRMM0btPV6rqE7n1B3PihqEkXS8="},"indexInfo":{"baseKey":"BUOXew6UU0D/1SEtui16OD16QJ4iz1lWBGxJpwaiJ7pm","baseKeyType":1,"closed":1686139614383,"used":1686138801056,"created":1686138801056,"remoteIdentityKey":"BSJoKGPgshFOTgl1s7VtP/n4hLphJTuWhj+Vc1ug1SxU"},"_chains":{"BX/nr5lw+kg1x66MMCUxh8Fk4qS+pEn7Cvl3UU/KSSQN":{"chainKey":{"counter":78,"key":"nTooKhA2fbrvONwjC44BTg14meVN20zrpF86EbVFHCQ="},"chainType":1,"messageKeys":{}}},"pendingPreKey":{"signedKeyId":7,"baseKey":"BUOXew6UU0D/1SEtui16OD16QJ4iz1lWBGxJpwaiJ7pm","preKeyId":16392056}},"BZO1u9iVB3PZVrPnmkyPbHsY9eORXTeif6wxoFCx1C0r":{"registrationId":1550659126,"currentRatchet":{"ephemeralKeyPair":{"pubKey":"BQB1QrylIvGcb1bhjDFTekcwGMAr3h4F+upZJ09uZdkF","privKey":"OOpsRe/nvNEp+Jq+xI2SDjv6jfUIFhC/rl0eCrZgi3w="},"lastRemoteEphemeralKey":"BYCLfZVyZo6v1qUC77uMxmqMZ5c6LdplVIWcErfImdsB","previousCounter":0,"rootKey":"R6TRlZP8H7zb6qj4xQamp4XIyUI2eAycI6NZODz2dEA="},"indexInfo":{"baseKey":"BZO1u9iVB3PZVrPnmkyPbHsY9eORXTeif6wxoFCx1C0r","baseKeyType":1,"closed":-1,"used":1686139614267,"created":1686139614267,"remoteIdentityKey":"BSJoKGPgshFOTgl1s7VtP/n4hLphJTuWhj+Vc1ug1SxU"},"_chains":{"BQB1QrylIvGcb1bhjDFTekcwGMAr3h4F+upZJ09uZdkF":{"chainKey":{"counter":184,"key":"j7LKYD0ZaNEHtAA91kPByJtkaMxVNSKiABOWW3Z2lwg="},"chainType":1,"messageKeys":{}}},"pendingPreKey":{"signedKeyId":7,"baseKey":"BZO1u9iVB3PZVrPnmkyPbHsY9eORXTeif6wxoFCx1C0r","preKeyId":16391439}}},"version":"v1"}