{"_sessions":{"BcALgq2kOXXvX/nFKe/Am5ZWxO4WCc/K24K+4fwKu+xp":{"registrationId":4665,"currentRatchet":{"ephemeralKeyPair":{"pubKey":"BTwto+7/+o89qLbl1cKXvq4NKa8EEZMFDQqdEX4tHNFR","privKey":"8PrtNqUObJa5NJviurk1rcg0Ir89lN2R2uSHrxPwwHY="},"lastRemoteEphemeralKey":"BUEy2w3FS8sEioKaPBqwNYL51LH+VcjStOoPnxtye/hF","previousCounter":0,"rootKey":"ccI2QToSE7jDljmFMlvdjrmWKcLT8stwUihAh3Bnzek="},"indexInfo":{"baseKey":"BcALgq2kOXXvX/nFKe/Am5ZWxO4WCc/K24K+4fwKu+xp","baseKeyType":1,"closed":-1,"used":1686138795796,"created":1686138795796,"remoteIdentityKey":"BfAIa8Ccxa/BM9nj/FW1u/Cmr9pUjlT5dRj7brfRbzUe"},"_chains":{"BTwto+7/+o89qLbl1cKXvq4NKa8EEZMFDQqdEX4tHNFR":{"chainKey":{"counter":263,"key":"s8Nzdts6fEHFCwx6VXW9Yb0QBFC07KVWJpemkPlxNUs="},"chainType":1,"messageKeys":{}}},"pendingPreKey":{"signedKeyId":1,"baseKey":"BcALgq2kOXXvX/nFKe/Am5ZWxO4WCc/K24K+4fwKu+xp","preKeyId":954}}},"version":"v1"}