{"_sessions":{"BSwsRegWf22AddhjBs+6lgAf4mTsg/fUkPTiFQ3EC3NC":{"registrationId":457628836,"currentRatchet":{"ephemeralKeyPair":{"pubKey":"BVAS9khP+B7zlnAMbHa+cBNzUYgGYe+Oe3o+ZPt+d3lS","privKey":"8C8yK0/4Q0Im5ys2epSEaqQd/C1422/BHItx+EAkkkw="},"lastRemoteEphemeralKey":"BRb5yGQ31REJOxGjELCdObOIkp6FZyFe1rJTgHFFh+Va","previousCounter":0,"rootKey":"moVDQfhJPjNDC1VGL1ZdZ3E6sgYKKaxtTMjfINQpvk4="},"indexInfo":{"baseKey":"BSwsRegWf22AddhjBs+6lgAf4mTsg/fUkPTiFQ3EC3NC","baseKeyType":1,"closed":-1,"used":1686138802334,"created":1686138802334,"remoteIdentityKey":"BYyJZu4ZMNcmyhXiSaFOOOiv9pkkb3aRC2lh9IeDZ881"},"_chains":{"BVAS9khP+B7zlnAMbHa+cBNzUYgGYe+Oe3o+ZPt+d3lS":{"chainKey":{"counter":263,"key":"DNhx/OBgud3mowf1XeJvcLF78XHOFrijp4+jZ6CF9UA="},"chainType":1,"messageKeys":{}}},"pendingPreKey":{"signedKeyId":7,"baseKey":"BSwsRegWf22AddhjBs+6lgAf4mTsg/fUkPTiFQ3EC3NC","preKeyId":7482081}}},"version":"v1"}