{"_sessions":{"BVPZRrOdiMKsB3AbTsh4ZBBHAT6lgkMRz1OSAX/euQRz":{"registrationId":674110676,"currentRatchet":{"ephemeralKeyPair":{"pubKey":"BdvsnUXbt+TG5vEdkDL80Yj/AcvdWQG4aYIRb6N/91oB","privKey":"EItvFPi/G7HokU2auTY+z//PV05Ql8TchrIGo6Rt/n0="},"lastRemoteEphemeralKey":"BbFcTXRCth7+FT/D8DSyK6BXmK4uoO+k0qv7tC67qjpC","previousCounter":0,"rootKey":"mghsXYIHlY4Ncrzp8LwnE0VFB6XvDd80fWN5oh5F6sc="},"indexInfo":{"baseKey":"BVPZRrOdiMKsB3AbTsh4ZBBHAT6lgkMRz1OSAX/euQRz","baseKeyType":1,"closed":1686138955963,"used":1686138802811,"created":1686138802811,"remoteIdentityKey":"BSuFb9eVWDq+ls3YGvJLBz4Iy7JLWgSM2xyXjnBrKuBF"},"_chains":{"BdvsnUXbt+TG5vEdkDL80Yj/AcvdWQG4aYIRb6N/91oB":{"chainKey":{"counter":0,"key":"npfFlN4tLdskpDtB6A+6gB585M00fQaEcGw8mUIEUEY="},"chainType":1,"messageKeys":{}}},"pendingPreKey":{"signedKeyId":2,"baseKey":"BVPZRrOdiMKsB3AbTsh4ZBBHAT6lgkMRz1OSAX/euQRz","preKeyId":3582150}},"BZPRKZereTubasgXJwzffIgasqLqRSA9PSQpkyrL7wVX":{"registrationId":674110676,"currentRatchet":{"ephemeralKeyPair":{"pubKey":"BZknoyeJHOgBRMsPVTk1De6qS1RcSaVpain9T+hgvulH","privKey":"4GZioJU5nbfNriyY+YxAilytH6N5Aphm9NvRPtKeglA="},"lastRemoteEphemeralKey":"BWxE2eNx50F/v0QYuAkcP7GZJ/VUAf3K9D5iYAoU9f9z","previousCounter":0,"rootKey":"DiIXuRvPMFfhR0bhJBrsXWRfr/DxPe3eHN8c+DUeF8c="},"indexInfo":{"baseKey":"BZPRKZereTubasgXJwzffIgasqLqRSA9PSQpkyrL7wVX","baseKeyType":2,"closed":-1,"used":1686138955990,"created":1686138955990,"remoteIdentityKey":"BSuFb9eVWDq+ls3YGvJLBz4Iy7JLWgSM2xyXjnBrKuBF"},"_chains":{"BWxE2eNx50F/v0QYuAkcP7GZJ/VUAf3K9D5iYAoU9f9z":{"chainKey":{"counter":1,"key":"dy6d5lsxAIqusZgkACvSJN1jq8kHF99cDNHU3e5OlFc="},"chainType":2,"messageKeys":{"0":"34cfFkkqAtgB8KGIOdvXMPdhiqjgC8pqvnVD8NXT9f8="}},"BZknoyeJHOgBRMsPVTk1De6qS1RcSaVpain9T+hgvulH":{"chainKey":{"counter":262,"key":"kE/YWK5q5uRO+NbxwUPHtzBH6+UAUeOrKHSeAdNIy5Q="},"chainType":1,"messageKeys":{}}}}},"version":"v1"}