{"_sessions":{"BVNZdbZff4ZHP3pnZzJxOBhfuJNL0dLIGRubs4FmF2cK":{"registrationId":14697715,"currentRatchet":{"ephemeralKeyPair":{"pubKey":"BVlOWqF1OXte9n/+ZJb6Z64KJY5UkSSlZyH390NbtLwH","privKey":"uNrRnVgS42IR179bYEgo1NJWBmqxE83j+eBxtPvOE20="},"lastRemoteEphemeralKey":"BSNr1NXCBPcsRTaEjIRf8agxGd/prQJEyGvZxcPtcgFo","previousCounter":0,"rootKey":"Q/N8HJJ+LHN8GN4aeG2uzor+B40VuzF0xD1shJZ/l/I="},"indexInfo":{"baseKey":"BVNZdbZff4ZHP3pnZzJxOBhfuJNL0dLIGRubs4FmF2cK","baseKeyType":1,"closed":1686139229228,"used":1686138802035,"created":1686138802035,"remoteIdentityKey":"BXXqA0wxIALgDwYDKFxs19A6uERyCIo8xQKpOxHyFVZL"},"_chains":{"BVlOWqF1OXte9n/+ZJb6Z64KJY5UkSSlZyH390NbtLwH":{"chainKey":{"counter":20,"key":"M6EYdGg89MLfsoYl0kLzGgZnUvXlhc9XO0fgDJAFgKg="},"chainType":1,"messageKeys":{}}},"pendingPreKey":{"signedKeyId":2,"baseKey":"BVNZdbZff4ZHP3pnZzJxOBhfuJNL0dLIGRubs4FmF2cK","preKeyId":191258}},"BbNQBkUxLNK6VvEWFlBqJRM+80H4aywpWiD9tF/UZC4w":{"registrationId":14697715,"currentRatchet":{"ephemeralKeyPair":{"pubKey":"BVx1T990GivuC5a+5EmPZTUaqrlnVtvDf6TtSdM2CT5V","privKey":"4H6aemAoS9R6jdmDbXx5ath0amt6xXmEp/b2CuE+jEQ="},"lastRemoteEphemeralKey":"BSNr1NXCBPcsRTaEjIRf8agxGd/prQJEyGvZxcPtcgFo","previousCounter":0,"rootKey":"jU5lfjuAHIHFq7co5q0C7Of0Ekl1qSWs2hKCHoE65b4="},"indexInfo":{"baseKey":"BbNQBkUxLNK6VvEWFlBqJRM+80H4aywpWiD9tF/UZC4w","baseKeyType":1,"closed":-1,"used":1686139229167,"created":1686139229167,"remoteIdentityKey":"BXXqA0wxIALgDwYDKFxs19A6uERyCIo8xQKpOxHyFVZL"},"_chains":{"BVx1T990GivuC5a+5EmPZTUaqrlnVtvDf6TtSdM2CT5V":{"chainKey":{"counter":242,"key":"IMdQOTArhpsilzU7NwcRnj3ysX5s37QM4570bGtPiy0="},"chainType":1,"messageKeys":{}}},"pendingPreKey":{"signedKeyId":2,"baseKey":"BbNQBkUxLNK6VvEWFlBqJRM+80H4aywpWiD9tF/UZC4w","preKeyId":191285}}},"version":"v1"}