{"_sessions":{"Be9p/fS0m3OY4UT+ynoVVhnXQ3Riwx7PMcZm+7B80YYK":{"registrationId":64,"currentRatchet":{"ephemeralKeyPair":{"pubKey":"BfBW5Os+zec3VMHHzO75P/SOhuOx+IZvBdIbCsMWjgFj","privKey":"KDwqjlb79YE85lNx0TkUrIneV3nCOF/BMF0Fxuxuy1Y="},"lastRemoteEphemeralKey":"BRShnsuyRyCkUFXrYxKy3nKpmrDOH7RJfE+RoRYkJiwM","previousCounter":0,"rootKey":"2JDcG37L1T8VC8YmDNhmMrX62EwDY9cnqc1ny8ICbnw="},"indexInfo":{"baseKey":"Be9p/fS0m3OY4UT+ynoVVhnXQ3Riwx7PMcZm+7B80YYK","baseKeyType":1,"closed":-1,"used":1686138796081,"created":1686138796081,"remoteIdentityKey":"BXd/jgnVxa0htxPzvcI/PWyEETHCDMaVnHtK6q24tRZi"},"_chains":{"BfBW5Os+zec3VMHHzO75P/SOhuOx+IZvBdIbCsMWjgFj":{"chainKey":{"counter":263,"key":"23keaNJuXz2S6gardApmz4cj6BzY64uWrwe3TECZfTM="},"chainType":1,"messageKeys":{}}},"pendingPreKey":{"signedKeyId":1,"baseKey":"Be9p/fS0m3OY4UT+ynoVVhnXQ3Riwx7PMcZm+7B80YYK"}}},"version":"v1"}