{"_sessions":{"Bftr4sSbwpNUdg9c2P6Z8M/WhoxaZUtve2adX44TT2t/":{"registrationId":1327035919,"currentRatchet":{"ephemeralKeyPair":{"pubKey":"BdOYbf+QOihkb2xixhWheKwjOzae7At01sSJrzK2c1lA","privKey":"EHPgEUIRA53B3F1M3aORfISxPbJtKD9lq3gRjf4T2XY="},"lastRemoteEphemeralKey":"BXc+Es4dje+l0YAQYtVpTlcW9fC06ktxXGtb+m6SYTMd","previousCounter":0,"rootKey":"6TsHGooQTxrrv8g3LTQR0uhJrylQM3K8FP/GD49rp6A="},"indexInfo":{"baseKey":"Bftr4sSbwpNUdg9c2P6Z8M/WhoxaZUtve2adX44TT2t/","baseKeyType":1,"closed":-1,"used":1686138802748,"created":1686138802748,"remoteIdentityKey":"Ba+b188FV94C9mJPKczHSh7bJfuto1k9vSn/eoclUeQd"},"_chains":{"BdOYbf+QOihkb2xixhWheKwjOzae7At01sSJrzK2c1lA":{"chainKey":{"counter":263,"key":"YYcri2XykSwC3VpV+wfVmM/g+ce/c4XSY1DkSA692Us="},"chainType":1,"messageKeys":{}}},"pendingPreKey":{"signedKeyId":0,"baseKey":"Bftr4sSbwpNUdg9c2P6Z8M/WhoxaZUtve2adX44TT2t/","preKeyId":16182479}}},"version":"v1"}