{"_sessions":{"BfXbQ4cwwQ1tQR4dDr16TdNGHW2U+KInB3yT6XI81owj":{"registrationId":35,"currentRatchet":{"ephemeralKeyPair":{"pubKey":"BU8SE0hAreuV9UZU8hnYmdD/hFAaBfcylzhfkV0tJ5ZA","privKey":"+KNZHuomP6Kl5sufIw+jPFLTaOZiiup8ehUQeI3nLlk="},"lastRemoteEphemeralKey":"BRyMECLg8iSfqjFLw5x7wDdo3aiNs/tLIX7Q7rtbrL0N","previousCounter":0,"rootKey":"C1R0+mJIGeRdvF7EZODR/Zdjy3jsuXh/GNDGhRTHkEk="},"indexInfo":{"baseKey":"BfXbQ4cwwQ1tQR4dDr16TdNGHW2U+KInB3yT6XI81owj","baseKeyType":1,"closed":-1,"used":1686138795736,"created":1686138795736,"remoteIdentityKey":"BUbJ9kinSujgQl4o/WXENNqst2lXmcEitxwctJgcHiBE"},"_chains":{"BU8SE0hAreuV9UZU8hnYmdD/hFAaBfcylzhfkV0tJ5ZA":{"chainKey":{"counter":265,"key":"/ieb+Gmsdfbhls2cfGtesECLgVDZ6k+AvdmI9Zrym/Y="},"chainType":1,"messageKeys":{}}},"pendingPreKey":{"signedKeyId":1,"baseKey":"BfXbQ4cwwQ1tQR4dDr16TdNGHW2U+KInB3yT6XI81owj"}}},"version":"v1"}