{"_sessions":{"BaKo+Wd3gSql1Zugmya+Ujq6XRIR3lGw1BTvctm4DkJ3":{"registrationId":1623926350,"currentRatchet":{"ephemeralKeyPair":{"pubKey":"BbrB7xFtJ/e2B1gIf0rSt3isQQuVmE02HyAjcmRR7LxI","privKey":"wD1HZqSdU/cswTJYW2sEJDRYQOWgCm2SmtbIX4RDO38="},"lastRemoteEphemeralKey":"BcOqo0gqPJQmWfJ5UEbQ6HcJQcroTh7jOzf0t3eZOOoQ","previousCounter":0,"rootKey":"uaqNhrQ71S3xvBnp+2eOls5AgQJ4RXwL1DLmBtT9ius="},"indexInfo":{"baseKey":"BaKo+Wd3gSql1Zugmya+Ujq6XRIR3lGw1BTvctm4DkJ3","baseKeyType":1,"closed":1686139283182,"used":1686138803398,"created":1686138803398,"remoteIdentityKey":"BZw0zsWZuvnTd0l15LFZq3m3IWi3NHSoEfGTOgI0QAUT"},"_chains":{"BbrB7xFtJ/e2B1gIf0rSt3isQQuVmE02HyAjcmRR7LxI":{"chainKey":{"counter":29,"key":"4WTs5LBS18zS6gflRTtjDmwaYw/d5CyGVs1Axu1bnQE="},"chainType":1,"messageKeys":{}}},"pendingPreKey":{"signedKeyId":25,"baseKey":"BaKo+Wd3gSql1Zugmya+Ujq6XRIR3lGw1BTvctm4DkJ3","preKeyId":9743192}},"BWfqeHNk80tX3lA3yNGEjDyc/4UdRtogH/eN6WyYqI5w":{"registrationId":1623926350,"currentRatchet":{"ephemeralKeyPair":{"pubKey":"BTn5M03V1hW8tx3Yxt9Dw2/wG1l1JGsxy3nQysEFzaga","privKey":"EN4c+4fZigkC2pamx3xkE1wvF+Dir+eduSuxUJQtdWI="},"lastRemoteEphemeralKey":"BcOqo0gqPJQmWfJ5UEbQ6HcJQcroTh7jOzf0t3eZOOoQ","previousCounter":0,"rootKey":"zMLtElt13NnsFnJLO7njWQC2xPa9QSt/fpZ+y5yVk/8="},"indexInfo":{"baseKey":"BWfqeHNk80tX3lA3yNGEjDyc/4UdRtogH/eN6WyYqI5w","baseKeyType":1,"closed":-1,"used":1686139283138,"created":1686139283138,"remoteIdentityKey":"BZw0zsWZuvnTd0l15LFZq3m3IWi3NHSoEfGTOgI0QAUT"},"_chains":{"BTn5M03V1hW8tx3Yxt9Dw2/wG1l1JGsxy3nQysEFzaga":{"chainKey":{"counter":233,"key":"R/CxFlnT7GsOfZumw6P+EVY/v1ki6QN0agvacp5PB+I="},"chainType":1,"messageKeys":{}}},"pendingPreKey":{"signedKeyId":25,"baseKey":"BWfqeHNk80tX3lA3yNGEjDyc/4UdRtogH/eN6WyYqI5w","preKeyId":9743087}}},"version":"v1"}