{"_sessions":{"Bc+k17NNid1n6hQdCvJf23sAPu0VsRpDOJ3UEe+T3P9K":{"registrationId":322158427,"currentRatchet":{"ephemeralKeyPair":{"pubKey":"BfLnC/98SrKu43hN/IPqGkFdxK1LCRQ7UyQ4eWoE16dC","privKey":"8LtqbRGvPvZBt6fbqfdQ1BrNmK80KeY6v055i50ufm4="},"lastRemoteEphemeralKey":"BYqwHoVowuFpy0G5p5WJot1W2Fpe/8jLzESRYLFtVNcG","previousCounter":0,"rootKey":"VE+igS5msn7BEUP5kB//7m84/exm8eIntykc7Q+q8cg="},"indexInfo":{"baseKey":"Bc+k17NNid1n6hQdCvJf23sAPu0VsRpDOJ3UEe+T3P9K","baseKeyType":1,"closed":1686139588182,"used":1686138800584,"created":1686138800584,"remoteIdentityKey":"BVBygUNId2nlnKmPfgX06wK0V8KLcMN6wzwHOKn1kVUQ"},"_chains":{"BfLnC/98SrKu43hN/IPqGkFdxK1LCRQ7UyQ4eWoE16dC":{"chainKey":{"counter":76,"key":"IZOOBPx72aijjSrmpfR853aTpNq1mOdpb8zjOaO31T0="},"chainType":1,"messageKeys":{}}},"pendingPreKey":{"signedKeyId":2,"baseKey":"Bc+k17NNid1n6hQdCvJf23sAPu0VsRpDOJ3UEe+T3P9K","preKeyId":11558977}},"BbLW/g4PtKGf5nLZx9xmU2l7ekPIV1IOKJaHImPsTiV4":{"registrationId":322158427,"currentRatchet":{"ephemeralKeyPair":{"pubKey":"BdeWKX8t/vv46S1ne+rjbW+hU3TRJ7bDJicFOqm4pJB8","privKey":"8LRlVQbC0EKZQ0RjKXYBh2LUhENpolKsRPtL//nael4="},"lastRemoteEphemeralKey":"BYqwHoVowuFpy0G5p5WJot1W2Fpe/8jLzESRYLFtVNcG","previousCounter":0,"rootKey":"QMa2+Jpw3JOxvIvJU90CHOFHAnZw/BgFQF/BZ6SqsaE="},"indexInfo":{"baseKey":"BbLW/g4PtKGf5nLZx9xmU2l7ekPIV1IOKJaHImPsTiV4","baseKeyType":1,"closed":-1,"used":1686139588037,"created":1686139588037,"remoteIdentityKey":"BVBygUNId2nlnKmPfgX06wK0V8KLcMN6wzwHOKn1kVUQ"},"_chains":{"BdeWKX8t/vv46S1ne+rjbW+hU3TRJ7bDJicFOqm4pJB8":{"chainKey":{"counter":186,"key":"SzJTYYTeIF7bbZheljIvHsPiuxF8sBMBXZ5JZjXxsXM="},"chainType":1,"messageKeys":{}}},"pendingPreKey":{"signedKeyId":2,"baseKey":"BbLW/g4PtKGf5nLZx9xmU2l7ekPIV1IOKJaHImPsTiV4","preKeyId":11559010}}},"version":"v1"}