{"_sessions":{"BR26MsivEx6e1IJkM6uCvCwd0/O89ZHjZoe4G4nUopAo":{"registrationId":130,"currentRatchet":{"ephemeralKeyPair":{"pubKey":"BZsx3nluTtbUuQO+ptcQ3Y2b2BbhuWl3IK2csTNy0AEk","privKey":"kDnCC+jcnKPT9EcRUmxTkvSDqonaAupmFkpIPTtweUI="},"lastRemoteEphemeralKey":"BdvyPDskZIlrRK0O4vsCPGPTuwjH1Z9NZQorI9RARFRk","previousCounter":0,"rootKey":"ePpQfPj7n1Wq2KvbKfiuCFXgzoIAtBp0nvk4xoCXPfc="},"indexInfo":{"baseKey":"BR26MsivEx6e1IJkM6uCvCwd0/O89ZHjZoe4G4nUopAo","baseKeyType":2,"closed":1686139047304,"used":1686138752352,"created":1686138752352,"remoteIdentityKey":"BU/4XdzNll0jD5Da/9aAXUf8C+vfx7LT/hGc2YJ4wc8a"},"_chains":{"BdvyPDskZIlrRK0O4vsCPGPTuwjH1Z9NZQorI9RARFRk":{"chainKey":{"counter":0,"key":"goj8Tbclfso5mNIsQBWDQSxnDaN9wK0oDCNlc0gDxSk="},"chainType":2,"messageKeys":{}},"BZsx3nluTtbUuQO+ptcQ3Y2b2BbhuWl3IK2csTNy0AEk":{"chainKey":{"counter":0,"key":"B4hqig2DT9HmJYj4z2DtnAVxaf7zDW3xaZ9hIIpLzZ8="},"chainType":1,"messageKeys":{}}}},"BVDfWcqR9rAli3MAiQ0BQThlDcI/iGLpAu8ofaHRsbY8":{"registrationId":130,"currentRatchet":{"ephemeralKeyPair":{"pubKey":"BUro4lhTbT1IHUi2sg6fJuwJZ5gsopZDD5eWiAe9AUB2","privKey":"yOistLMRSCwrfqUmZj8c45FLejgA1ChaWqRyHKK+t10="},"lastRemoteEphemeralKey":"BdDwraAHhdWKlvWSbIHmK+5w1BnpiOTx0WeCQpJfA1pU","previousCounter":0,"rootKey":"2ki2QZifThALs/igIYYOaQQpNu1vQEbFoOA/arWOKik="},"indexInfo":{"baseKey":"BVDfWcqR9rAli3MAiQ0BQThlDcI/iGLpAu8ofaHRsbY8","baseKeyType":1,"closed":-1,"used":1686139047234,"created":1686139047234,"remoteIdentityKey":"BU/4XdzNll0jD5Da/9aAXUf8C+vfx7LT/hGc2YJ4wc8a"},"_chains":{"BUro4lhTbT1IHUi2sg6fJuwJZ5gsopZDD5eWiAe9AUB2":{"chainKey":{"counter":263,"key":"pPjeFZYr+ZA8D78U0zj2yPyuUmt6lzPtctWiW2YXnXg="},"chainType":1,"messageKeys":{}}},"pendingPreKey":{"signedKeyId":1,"baseKey":"BVDfWcqR9rAli3MAiQ0BQThlDcI/iGLpAu8ofaHRsbY8"}}},"version":"v1"}