{"_sessions":{"BXm5arQt3qNoaEUnCKjL9ZsSBcKXHaU8OM/HXRLmWtYv":{"registrationId":80,"currentRatchet":{"ephemeralKeyPair":{"pubKey":"BUrQ5WZb+2ESNhgW+BPAVK1+oRA+IA0mfDmOZ1LAYG8c","privKey":"QGcZ/h8BxyEX0fzj3RqEcO3OAXLKpvfd23rs457AHWo="},"lastRemoteEphemeralKey":"BSHfEuBhJFwEMYLVQXsakt/ulmANifEeRjr+IrH8exEy","previousCounter":0,"rootKey":"c3Ebv9vuZRv4lM1Uqhnx68nidGAP0MPMcd/s3OQp4mo="},"indexInfo":{"baseKey":"BXm5arQt3qNoaEUnCKjL9ZsSBcKXHaU8OM/HXRLmWtYv","baseKeyType":1,"closed":-1,"used":1686138795691,"created":1686138795691,"remoteIdentityKey":"BVmBTh0JsTI2XQpTtRks+lNDBT4yKggsNiBzCkFnaY42"},"_chains":{"BUrQ5WZb+2ESNhgW+BPAVK1+oRA+IA0mfDmOZ1LAYG8c":{"chainKey":{"counter":263,"key":"kSE2KFP8z6bC61frP8TL52kpsUxFV6iWvD1igAAsFzQ="},"chainType":1,"messageKeys":{}}},"pendingPreKey":{"signedKeyId":1,"baseKey":"BXm5arQt3qNoaEUnCKjL9ZsSBcKXHaU8OM/HXRLmWtYv"}}},"version":"v1"}