{"_sessions":{"BR8Uzm+DGmOrmcEE3vdFxHw6Vc9CSwa533N4BTvC79AA":{"registrationId":731069478,"currentRatchet":{"ephemeralKeyPair":{"pubKey":"BetjQNOJARhMYzpwo35g6id4nog5aFCaXIRRKCSbV3p6","privKey":"GCt2WPANkp6KkdqnUGqkPCQ02BpEqsTcIPAPSFN8oVM="},"lastRemoteEphemeralKey":"BbNdraP42dwuMOcUVJdi6CDxmHhcWC6bAqq21gOm+7dx","previousCounter":0,"rootKey":"hvkLUxwv4KrK6CYBkBHNkEfSahi2AQXE3KUNjTmAa5U="},"indexInfo":{"baseKey":"BR8Uzm+DGmOrmcEE3vdFxHw6Vc9CSwa533N4BTvC79AA","baseKeyType":1,"closed":-1,"used":1686138803660,"created":1686138803660,"remoteIdentityKey":"BSDG8+A63qwXNPaO0r15wj3dZmLn3bmtC1EsIU74L0cl"},"_chains":{"BetjQNOJARhMYzpwo35g6id4nog5aFCaXIRRKCSbV3p6":{"chainKey":{"counter":263,"key":"AxN4vkirNq64d3LA6b4SA8tXAE48Jqb5TB8EPXe5/s8="},"chainType":1,"messageKeys":{}}},"pendingPreKey":{"signedKeyId":0,"baseKey":"BR8Uzm+DGmOrmcEE3vdFxHw6Vc9CSwa533N4BTvC79AA","preKeyId":8222201}}},"version":"v1"}