{"_sessions":{"BVLwg/GUj6iIkt0/+5OhVD0QhaMWPaOr2U6h6jU0hYpu":{"registrationId":1409102691,"currentRatchet":{"ephemeralKeyPair":{"pubKey":"BR3EMF6HJWAB+KImXGyNK1Ys2CoZiypdEJO7RkcHSkIg","privKey":"cFI6oDzoQerY5MnxwymbZoNjDHx5iO8YmvTKEA14uFk="},"lastRemoteEphemeralKey":"BUqsD/ABK767zqOxq0PZdUq9SUt68h4WpvMKjBOIsxQp","previousCounter":0,"rootKey":"F5NAvJfDqxOMz+bR5wDO5AKvhrxHBsLn1kXp1xqGfh0="},"indexInfo":{"baseKey":"BVLwg/GUj6iIkt0/+5OhVD0QhaMWPaOr2U6h6jU0hYpu","baseKeyType":1,"closed":-1,"used":1686138803055,"created":1686138803055,"remoteIdentityKey":"BVvk0mLU7ZnAOK/1q16b/7qhUTRpK7mCm3d5leTN7PB0"},"_chains":{"BR3EMF6HJWAB+KImXGyNK1Ys2CoZiypdEJO7RkcHSkIg":{"chainKey":{"counter":263,"key":"K66uEBLj1V/t2iyXKSavt0AtPTcoR5aAObEPCQ9uNDY="},"chainType":1,"messageKeys":{}}},"pendingPreKey":{"signedKeyId":0,"baseKey":"BVLwg/GUj6iIkt0/+5OhVD0QhaMWPaOr2U6h6jU0hYpu"}}},"version":"v1"}