{"_sessions":{"BfujYkfuqlFflYR5lyKRUtwUg3SsS+6QjkERcweCMVR0":{"registrationId":1684469573,"currentRatchet":{"ephemeralKeyPair":{"pubKey":"BahIdkMHPpGRJ4M18GITcRfRrJmfBru2/f4gHggO8jE0","privKey":"aLL2BHaZXXohAVHvT2DZIveCr6+lZsn5TctLysZsREw="},"lastRemoteEphemeralKey":"BUSKCpP42nqAjtjfsRltrowNaLKEToaqeqq/iG2rC/NN","previousCounter":0,"rootKey":"+I+mIiCh/WM5yDzg/Thwp/Fga2XxXtg3iTGmQLjeOu0="},"indexInfo":{"baseKey":"BfujYkfuqlFflYR5lyKRUtwUg3SsS+6QjkERcweCMVR0","baseKeyType":1,"closed":1686139350437,"used":1686138802092,"created":1686138802092,"remoteIdentityKey":"BbLU89/NZjO3a5MuPVGeeEd9CYA0SVdXRiGLtnuHLxE5"},"_chains":{"BahIdkMHPpGRJ4M18GITcRfRrJmfBru2/f4gHggO8jE0":{"chainKey":{"counter":47,"key":"OFh+myAn+d3eD9tR+fisdHbLSBOduO+6nHeB5LlTQeY="},"chainType":1,"messageKeys":{}}},"pendingPreKey":{"signedKeyId":5,"baseKey":"BfujYkfuqlFflYR5lyKRUtwUg3SsS+6QjkERcweCMVR0","preKeyId":5025815}},"BaHC+ih/oPOIxjsavRrzxt+uwuovIRklOYejUgUdK+wC":{"registrationId":1684469573,"currentRatchet":{"ephemeralKeyPair":{"pubKey":"BQPoZK0e2eBwwgKG68+5ynYjLdMIb5IDlECXi+BNexJR","privKey":"kGY1QbkAGGpcMZcCRRdFR0ytXKl/lcQaGcNYKNmTYGY="},"lastRemoteEphemeralKey":"BUSKCpP42nqAjtjfsRltrowNaLKEToaqeqq/iG2rC/NN","previousCounter":0,"rootKey":"a9Uidwtmoq97UANq20hBjzKAtkZx+y5waznhZuZ34lY="},"indexInfo":{"baseKey":"BaHC+ih/oPOIxjsavRrzxt+uwuovIRklOYejUgUdK+wC","baseKeyType":1,"closed":-1,"used":1686139350305,"created":1686139350305,"remoteIdentityKey":"BbLU89/NZjO3a5MuPVGeeEd9CYA0SVdXRiGLtnuHLxE5"},"_chains":{"BQPoZK0e2eBwwgKG68+5ynYjLdMIb5IDlECXi+BNexJR":{"chainKey":{"counter":215,"key":"q2t/16QZ296s+ngsSVmfdN4fPXK5igKvOi2eGBSGYD0="},"chainType":1,"messageKeys":{}}},"pendingPreKey":{"signedKeyId":5,"baseKey":"BaHC+ih/oPOIxjsavRrzxt+uwuovIRklOYejUgUdK+wC","preKeyId":5026165}}},"version":"v1"}