{"_sessions":{"BYGT1D5Zp67DBzPT8HXCOAtS9nvPog2vkEmUZ2udWcAf":{"registrationId":153,"currentRatchet":{"ephemeralKeyPair":{"pubKey":"BfMzQGpkfxBT3geNW3ql2RIP4FXX/JKH/gvkTdHnemMN","privKey":"kF4Cck7tX2XstBx6jbSohn0laPR4BQn4OwGl1EaXcmc="},"lastRemoteEphemeralKey":"BdBXFPXsoFDe64SKdURZpw829nRepNKSW7DDtU4JNABY","previousCounter":0,"rootKey":"cr6h4FMasr3Lbaim2Hon8J+Q1ws+cT226BbeJcai2Gk="},"indexInfo":{"baseKey":"BYGT1D5Zp67DBzPT8HXCOAtS9nvPog2vkEmUZ2udWcAf","baseKeyType":1,"closed":-1,"used":1686138795387,"created":1686138795387,"remoteIdentityKey":"BdNuyfOiIb0qbHlbolkvbIhT2+/1Ka6hRCeHfakXqL9M"},"_chains":{"BfMzQGpkfxBT3geNW3ql2RIP4FXX/JKH/gvkTdHnemMN":{"chainKey":{"counter":263,"key":"OlBuS4V7arfvo/+pGPmM2oxTfrdnXL2Cx2FzDMegOJc="},"chainType":1,"messageKeys":{}}},"pendingPreKey":{"signedKeyId":1,"baseKey":"BYGT1D5Zp67DBzPT8HXCOAtS9nvPog2vkEmUZ2udWcAf"}}},"version":"v1"}