{"_sessions":{"BTjiWjwM7oJg1hoWGXgXee5E2IHqR2gZJkyJBLTCsRM+":{"registrationId":7090,"currentRatchet":{"ephemeralKeyPair":{"pubKey":"BZFhGi5V5bHrnKR1+0alRt0iTyR/ZnWI+fFylaZkLjxk","privKey":"eI4UXD21TtqaCLr+xxTvlfma/R1IQ25B+N9RHr9vz2U="},"lastRemoteEphemeralKey":"BQyWaOuTMH8DAXksrTtbE9KaPW4piy5lEPmNHvG+77xq","previousCounter":0,"rootKey":"FLi6vMQcm7vj6a/My/CvUyX70fg3U7LuP3+1Yto/Ca0="},"indexInfo":{"baseKey":"BTjiWjwM7oJg1hoWGXgXee5E2IHqR2gZJkyJBLTCsRM+","baseKeyType":1,"closed":-1,"used":1686138796345,"created":1686138796345,"remoteIdentityKey":"BV5mSWGA5ipofxut4s6v1vt16Oj1BXuXo+EqPA9U3Lkv"},"_chains":{"BZFhGi5V5bHrnKR1+0alRt0iTyR/ZnWI+fFylaZkLjxk":{"chainKey":{"counter":263,"key":"Jv04oBiOeUOFERJvQ+//ELIrpHjBFudIjqjeg/yEQL0="},"chainType":1,"messageKeys":{}}},"pendingPreKey":{"signedKeyId":1,"baseKey":"BTjiWjwM7oJg1hoWGXgXee5E2IHqR2gZJkyJBLTCsRM+"}}},"version":"v1"}