{"_sessions":{"BVZvmLhc1zX603x60N2PfcgB9+zkxG9UPMes2i2AEe4s":{"registrationId":904442666,"currentRatchet":{"ephemeralKeyPair":{"pubKey":"BfcFB7E7nGE7WkK2QgggEM6IfYNR4SD/PqN41lHDVm8h","privKey":"gHG5HcfMzQYl0UuJ48KrkG3RiL/4phajowHYqG4OX3Q="},"lastRemoteEphemeralKey":"BVCBsdPYXMsO3zu0lh3lUh9myJxLBmwU48y1VbENyj4b","previousCounter":0,"rootKey":"U3VgFdxfcYFF1pZRcNl93n6oIQlww1eHg3CUfpMnTcs="},"indexInfo":{"baseKey":"BVZvmLhc1zX603x60N2PfcgB9+zkxG9UPMes2i2AEe4s","baseKeyType":1,"closed":-1,"used":1686138800421,"created":1686138800421,"remoteIdentityKey":"BYsca4SSIwA/maX4JQc/8/bMgHK3mxQNismSatjE2Sou"},"_chains":{"BfcFB7E7nGE7WkK2QgggEM6IfYNR4SD/PqN41lHDVm8h":{"chainKey":{"counter":263,"key":"gUs2nCMBUuOAoCDzlkyHiKGqhhy0LqBmqGld1fzuVT8="},"chainType":1,"messageKeys":{}}},"pendingPreKey":{"signedKeyId":4,"baseKey":"BVZvmLhc1zX603x60N2PfcgB9+zkxG9UPMes2i2AEe4s","preKeyId":338358}}},"version":"v1"}