{"_sessions":{"BZYCAYnWwhUhJcDG22zqn8h5aAbCmzhbh4+ALu4t4V1I":{"registrationId":2116625160,"currentRatchet":{"ephemeralKeyPair":{"pubKey":"BefXBpiYbKn33oCDSmqPH2yfQzhbBb7EEusRo/55B0ge","privKey":"mNqtUroJqFeIGjUz1HVdFT/DPd2GyJGvPezLzo7YP30="},"lastRemoteEphemeralKey":"BTTbxnh8po3JSfUdT2tiAr2DmDw0u9DMLYGdC/oFQDIb","previousCounter":0,"rootKey":"0gskdZdnOT7fR+MahYJ5oizWptvfV1jNnFoTh259fvE="},"indexInfo":{"baseKey":"BZYCAYnWwhUhJcDG22zqn8h5aAbCmzhbh4+ALu4t4V1I","baseKeyType":1,"closed":-1,"used":1686138800758,"created":1686138800758,"remoteIdentityKey":"BShopFbNTNvvDZUMmurec1aqqSk7yIojD3xgoXu/neMP"},"_chains":{"BefXBpiYbKn33oCDSmqPH2yfQzhbBb7EEusRo/55B0ge":{"chainKey":{"counter":263,"key":"R7IJhZdc9sn6i2AAFD3hlwjLIx0mxn2l0W/UtRG3CPY="},"chainType":1,"messageKeys":{}}},"pendingPreKey":{"signedKeyId":1,"baseKey":"BZYCAYnWwhUhJcDG22zqn8h5aAbCmzhbh4+ALu4t4V1I"}}},"version":"v1"}