{"_sessions":{"BYZ/fyReyh/rKEaXM+Kzf8a2fPh9bBnRdNdkBqrlBXYU":{"registrationId":1762858743,"currentRatchet":{"ephemeralKeyPair":{"pubKey":"BTcfUWylzghjQHLbdWgqeDygolyPq9r445vxfKOYS+Vo","privKey":"oG05r9E0bUaq7xJG3dCwplwY3oT/mm9ZLLR4oZ/nTGM="},"lastRemoteEphemeralKey":"BVKDWvjEK0LfhR9xY5EI67jxw/ik32lEZOla9kC1HYs2","previousCounter":0,"rootKey":"LlHLLEa3TooUYnaGnLsqPU2xGFxdBi5CetjrPiYhmgs="},"indexInfo":{"baseKey":"BYZ/fyReyh/rKEaXM+Kzf8a2fPh9bBnRdNdkBqrlBXYU","baseKeyType":1,"closed":-1,"used":1686138798568,"created":1686138798568,"remoteIdentityKey":"BRAPK9xXVakm3UJdKG5ex8E4vQpT5HHqr6z75c8xMtt0"},"_chains":{"BTcfUWylzghjQHLbdWgqeDygolyPq9r445vxfKOYS+Vo":{"chainKey":{"counter":263,"key":"fhwk8yOz/ZJAfgrZi9KErznVLHXYmTkKObMn7+TK2to="},"chainType":1,"messageKeys":{}}},"pendingPreKey":{"signedKeyId":1,"baseKey":"BYZ/fyReyh/rKEaXM+Kzf8a2fPh9bBnRdNdkBqrlBXYU","preKeyId":15662684}}},"version":"v1"}