{"_sessions":{"Bamkp86Wj/aG4FLNc0Cl8YuH7Ay/kfPoxFot0DdKLxUK":{"registrationId":516346059,"currentRatchet":{"ephemeralKeyPair":{"pubKey":"BWzxj5jHfvGHVw9nk0Elz1AVBCJ4camjfOncwJgNpZAk","privKey":"AE4S6vkwPFa4P+8JESns2IOb/rFqAtCj+L+YuN3Evmw="},"lastRemoteEphemeralKey":"BbDFNTImLCcdt7cEh5voXaAuJN2oz99La34SRq+EgI83","previousCounter":0,"rootKey":"Bl803E3BfR+icBQjBT1cB8opxNUOYY2KbnejFfcGp3Q="},"indexInfo":{"baseKey":"Bamkp86Wj/aG4FLNc0Cl8YuH7Ay/kfPoxFot0DdKLxUK","baseKeyType":1,"closed":1686139373124,"used":1686138802484,"created":1686138802484,"remoteIdentityKey":"BQ7UmEvLXjCOkhQwb3bDZljKMUPTzNfgWrTJRxQaNb8h"},"_chains":{"BWzxj5jHfvGHVw9nk0Elz1AVBCJ4camjfOncwJgNpZAk":{"chainKey":{"counter":54,"key":"ufDjtxxQFzthN2pAeoR+UJfaCo9RRqpaVbEW8Qq9q7g="},"chainType":1,"messageKeys":{}}},"pendingPreKey":{"signedKeyId":0,"baseKey":"Bamkp86Wj/aG4FLNc0Cl8YuH7Ay/kfPoxFot0DdKLxUK","preKeyId":16580048}},"BRoG2MDjq5uLMujPZX5kahLvFl1WqZGeb4pvG5huM/1i":{"registrationId":516346059,"currentRatchet":{"ephemeralKeyPair":{"pubKey":"BU8PwzvvQSAQfPMcV/5wLBkgjms8LqDQ7iujIoLOsgVG","privKey":"8J+LSkBbEdOmN7JxUGzeiCxo57dfga7Ra3HQ213COVw="},"lastRemoteEphemeralKey":"BcOUtvu3gpB8DIpuRg4lIj5UBOL5J0jCeeEeGvLokzxl","previousCounter":121,"rootKey":"12bEwRF4nIe9OZovhUpGD6utCgy4ixNrBp3HJLZWUwE="},"indexInfo":{"baseKey":"BRoG2MDjq5uLMujPZX5kahLvFl1WqZGeb4pvG5huM/1i","baseKeyType":1,"closed":-1,"used":1686141199298,"created":1686139373108,"remoteIdentityKey":"BQ7UmEvLXjCOkhQwb3bDZljKMUPTzNfgWrTJRxQaNb8h"},"_chains":{"BcOUtvu3gpB8DIpuRg4lIj5UBOL5J0jCeeEeGvLokzxl":{"chainKey":{"counter":3,"key":"8HiOKmuRDVD+Pfq3U7Kugqt7FFOQFgz0iGuTYor5/3Q="},"chainType":2,"messageKeys":{}},"BU8PwzvvQSAQfPMcV/5wLBkgjms8LqDQ7iujIoLOsgVG":{"chainKey":{"counter":86,"key":"NsFjmgnpVA1PMG3/SiaohnH6e/0/LHkr8TH2b8fTLWs="},"chainType":1,"messageKeys":{}}}}},"version":"v1"}