{"_sessions":{"BTmgL261ClioDfeAc736pQ8gp1Afz6OihIEJT28lAFUn":{"registrationId":1115699016,"currentRatchet":{"ephemeralKeyPair":{"pubKey":"BX3Nj2KbboBN1tDOb79yUEgJyxZWZOj7OwqQOfo/dagv","privKey":"2L3Nuv4t6GO+3XmE3kpgwMvjprWcLs12jRJ3bpHTwnQ="},"lastRemoteEphemeralKey":"BU3aLGFjJ10mnXnXfgCHFGWMbfm7e6ge5X0H+zgSSDpJ","previousCounter":0,"rootKey":"CX4LiUsPGhLTv7CfJHy41nvXLNLCgqjlTp8KA2MxcuY="},"indexInfo":{"baseKey":"BTmgL261ClioDfeAc736pQ8gp1Afz6OihIEJT28lAFUn","baseKeyType":1,"closed":-1,"used":1686138799120,"created":1686138799120,"remoteIdentityKey":"BWJULp9MFdjGHPpMvVQjldNKcvgrOJATswQCc/mGHFQo"},"_chains":{"BX3Nj2KbboBN1tDOb79yUEgJyxZWZOj7OwqQOfo/dagv":{"chainKey":{"counter":263,"key":"BWyK5Auer4ERV8tRVoE+Kk8ysUaz4aFojwwvoeZxp4I="},"chainType":1,"messageKeys":{}}},"pendingPreKey":{"signedKeyId":2,"baseKey":"BTmgL261ClioDfeAc736pQ8gp1Afz6OihIEJT28lAFUn","preKeyId":2567313}}},"version":"v1"}