{"_sessions":{"Beu4ZEz0+rPyNft1Zh2wkHwkp1Zy8JZAXAk0NI8Jrg0G":{"registrationId":1190772477,"currentRatchet":{"ephemeralKeyPair":{"pubKey":"BTakJ+3UlgPvB7AAfbrmF0zcu3wJh2uIvKIw3J6FeAVT","privKey":"eHkwI5LRn1hUi6ategwi0SHjGgqSyVugv2kOBqfMK0c="},"lastRemoteEphemeralKey":"BSFUQA9CIGFWwn6Q8bPaIYenzkBIW4G8T3/9e2OMv01W","previousCounter":0,"rootKey":"6n5L0WlczAZolZ7zQeqFxyCJPcOsaYpmhDfyL/Y8rbw="},"indexInfo":{"baseKey":"Beu4ZEz0+rPyNft1Zh2wkHwkp1Zy8JZAXAk0NI8Jrg0G","baseKeyType":1,"closed":1686139468188,"used":1686138799099,"created":1686138799099,"remoteIdentityKey":"BQIIstLNZLOVOc9mBFkAYNxjHwZXROrzhjBabVnR9Tt/"},"_chains":{"BTakJ+3UlgPvB7AAfbrmF0zcu3wJh2uIvKIw3J6FeAVT":{"chainKey":{"counter":62,"key":"igN+sXlNzTmbELoPwJTmkbdnqsKrQaX8n8Ira237xL8="},"chainType":1,"messageKeys":{}}},"pendingPreKey":{"signedKeyId":5,"baseKey":"Beu4ZEz0+rPyNft1Zh2wkHwkp1Zy8JZAXAk0NI8Jrg0G","preKeyId":7982926}},"BRNmFsyYAJTuK9q1SOIMKSbJRl46Cql+pkAbwt0ntZcu":{"registrationId":1190772477,"currentRatchet":{"ephemeralKeyPair":{"pubKey":"BdVMP38oaUCwdq6PhxtuZdktQYN9Ki0JoJp2WHfZfBY6","privKey":"OFrKZ4W1Q0YjP8ogdkSSWlcMbtoaXr9fT7QbPCOABW8="},"lastRemoteEphemeralKey":"BSFUQA9CIGFWwn6Q8bPaIYenzkBIW4G8T3/9e2OMv01W","previousCounter":0,"rootKey":"YSsarYhg4Bsdxz/uxzzq2GlEBikHTfLRZjqpGT5F2KQ="},"indexInfo":{"baseKey":"BRNmFsyYAJTuK9q1SOIMKSbJRl46Cql+pkAbwt0ntZcu","baseKeyType":1,"closed":-1,"used":1686139468165,"created":1686139468165,"remoteIdentityKey":"BQIIstLNZLOVOc9mBFkAYNxjHwZXROrzhjBabVnR9Tt/"},"_chains":{"BdVMP38oaUCwdq6PhxtuZdktQYN9Ki0JoJp2WHfZfBY6":{"chainKey":{"counter":200,"key":"nX9+IUPBsrF6MYfyL95wfvVWVMuJjs2SAEtOnxJ+VjM="},"chainType":1,"messageKeys":{}}},"pendingPreKey":{"signedKeyId":5,"baseKey":"BRNmFsyYAJTuK9q1SOIMKSbJRl46Cql+pkAbwt0ntZcu","preKeyId":7983576}}},"version":"v1"}