{"_sessions":{"BWhZY5OXkjhl78HuePUlcfR21PS7Snrl3gRQ6593m286":{"registrationId":665188994,"currentRatchet":{"ephemeralKeyPair":{"pubKey":"BdOjY8xyVmeWHFNV4ym55l+JUUfSz42OcXEoI4rz6KlY","privKey":"2BmuzGF/iOCklzXX1BstxUbUBRHfwC1RI6RYcpa/+kM="},"lastRemoteEphemeralKey":"Bdmx1Cekq+FYFpSStjKMSbMYlifAmsjQDcGvrLL/c/dy","previousCounter":0,"rootKey":"LRGztVk/WyLmxwY7gF0LGQuPucYGT61UWPCQAoFOqzk="},"indexInfo":{"baseKey":"BWhZY5OXkjhl78HuePUlcfR21PS7Snrl3gRQ6593m286","baseKeyType":1,"closed":-1,"used":1686138796856,"created":1686138796856,"remoteIdentityKey":"BU9zhZxhc6Azq7C4al4ffLPryrw/dPZytt2/W50nV31+"},"_chains":{"BdOjY8xyVmeWHFNV4ym55l+JUUfSz42OcXEoI4rz6KlY":{"chainKey":{"counter":263,"key":"Dau/jfu9QtK80kze8QcR04gW3oeMiLgC957z/rnKljo="},"chainType":1,"messageKeys":{}}},"pendingPreKey":{"signedKeyId":1,"baseKey":"BWhZY5OXkjhl78HuePUlcfR21PS7Snrl3gRQ6593m286"}}},"version":"v1"}