{"_sessions":{"BfyP3RpJ3erernsT6Y0kWXBRUtywhniJsJnS60KK+BZ1":{"registrationId":298006861,"currentRatchet":{"ephemeralKeyPair":{"pubKey":"BWMpmU2hJNGRrwnhWPX2WyiScWk7KQa80UTtCCC4dPBK","privKey":"QIapInPhL0C6I0VRbJrsTm4Z2Y2w3r/hbiXbBdv213Q="},"lastRemoteEphemeralKey":"BbqqYxHDeiWCmo0GtMdLYPIe+kJ/WHsaUaYOGCamj/Yu","previousCounter":0,"rootKey":"aY6OXcl6cC2Zi1BdyVnITRqWLMsDxcClIkqpP49Qd5Q="},"indexInfo":{"baseKey":"BfyP3RpJ3erernsT6Y0kWXBRUtywhniJsJnS60KK+BZ1","baseKeyType":1,"closed":-1,"used":1686138797014,"created":1686138797014,"remoteIdentityKey":"BZQnylwslt2KUZug5kXzXsFP+m0hR0iUN7WlARiL2fIj"},"_chains":{"BWMpmU2hJNGRrwnhWPX2WyiScWk7KQa80UTtCCC4dPBK":{"chainKey":{"counter":263,"key":"otYSkuZOdwsiBjorX6nbrqtA4uxnWOCFcb1IRl8CL8M="},"chainType":1,"messageKeys":{}}},"pendingPreKey":{"signedKeyId":12,"baseKey":"BfyP3RpJ3erernsT6Y0kWXBRUtywhniJsJnS60KK+BZ1","preKeyId":10657264}}},"version":"v1"}