{"_sessions":{"Bd++RmccdvMD+6/F3O/a1qelvlMGR9gNk7302mM0dhJb":{"registrationId":1667640327,"currentRatchet":{"ephemeralKeyPair":{"pubKey":"BaTmdIRsoNX5EhUAHsNPlnli4w/S2z5aWknXYenxCIYY","privKey":"gL0n+B8b4ozw6nk3nqxM9N18Ln7r98Jwl5BMgh7Pu3I="},"lastRemoteEphemeralKey":"BXTr5ZaleMFjmgD4qWFQkCdhyfoEnzEJ8nNE/u6+Yg1k","previousCounter":0,"rootKey":"JinKvc9o3mzD5jbYt2v18LDVgi0Opejkl2kxN+s/51g="},"indexInfo":{"baseKey":"Bd++RmccdvMD+6/F3O/a1qelvlMGR9gNk7302mM0dhJb","baseKeyType":1,"closed":1686139102376,"used":1686138798930,"created":1686138798930,"remoteIdentityKey":"BVa3kn4RnkuJUVVI3DfJ/Qk1AvHt91UVbhZQJeJ/7+g+"},"_chains":{"BaTmdIRsoNX5EhUAHsNPlnli4w/S2z5aWknXYenxCIYY":{"chainKey":{"counter":5,"key":"MBlZyHWYkeb9KprtLMSto/zOXaIlb/UnwLuxE2hNg0c="},"chainType":1,"messageKeys":{}}},"pendingPreKey":{"signedKeyId":0,"baseKey":"Bd++RmccdvMD+6/F3O/a1qelvlMGR9gNk7302mM0dhJb","preKeyId":11022037}},"BZju3YlBaublsIxSuALNeKyy7Tyr9oDAiG6yFrTO+egH":{"registrationId":1667640327,"currentRatchet":{"ephemeralKeyPair":{"pubKey":"BVCD/0jlfotVyae7mNp8zH+xjVK5IGv88xy9Rc3uzxB+","privKey":"oAL9RGVWUF95/g73NOuXoCgHWRxWX8Z8zskTFW1bJnY="},"lastRemoteEphemeralKey":"BXTr5ZaleMFjmgD4qWFQkCdhyfoEnzEJ8nNE/u6+Yg1k","previousCounter":0,"rootKey":"rK3X+lT8QQOHisDPthceodfEYtjNfLD7MBa434KcHFw="},"indexInfo":{"baseKey":"BZju3YlBaublsIxSuALNeKyy7Tyr9oDAiG6yFrTO+egH","baseKeyType":1,"closed":-1,"used":1686139102338,"created":1686139102338,"remoteIdentityKey":"BVa3kn4RnkuJUVVI3DfJ/Qk1AvHt91UVbhZQJeJ/7+g+"},"_chains":{"BVCD/0jlfotVyae7mNp8zH+xjVK5IGv88xy9Rc3uzxB+":{"chainKey":{"counter":257,"key":"Uy10KOn6RS9Prb9EFDpLNWCurvryQL/IYobcN0TJI6s="},"chainType":1,"messageKeys":{}}},"pendingPreKey":{"signedKeyId":0,"baseKey":"BZju3YlBaublsIxSuALNeKyy7Tyr9oDAiG6yFrTO+egH","preKeyId":11021436}}},"version":"v1"}