{"_sessions":{"BQnqJB2M8YXOMCict55B1j7XjFoD2Bo9aZIPPNTvKOkh":{"registrationId":993,"currentRatchet":{"ephemeralKeyPair":{"pubKey":"BUwsXN/4FZrkLRa09/2lTdIEjOphmA26LQ4qofXPyBV/","privKey":"uM4JcgEABtkx5ns7Zz8A11oeUo305AAARdjNJ1iTgUo="},"lastRemoteEphemeralKey":"BQGdSxZmxRcegwIAuNtdnLuDMU3dxinQHkDgbIQknWsD","previousCounter":0,"rootKey":"LW14Sbw98idaSeOVJMjq3knVIkg6yaqPROuPFkQffh0="},"indexInfo":{"baseKey":"BQnqJB2M8YXOMCict55B1j7XjFoD2Bo9aZIPPNTvKOkh","baseKeyType":1,"closed":-1,"used":1686138796636,"created":1686138796636,"remoteIdentityKey":"BSvVVjRkpsyF7IJw1V6p24SLSogcI0LTNYvcOccaoWNU"},"_chains":{"BUwsXN/4FZrkLRa09/2lTdIEjOphmA26LQ4qofXPyBV/":{"chainKey":{"counter":263,"key":"rR1ixg6f7EDvPdqkyxAer+6wSsIafhI6FOHCB7lXlYU="},"chainType":1,"messageKeys":{}}},"pendingPreKey":{"signedKeyId":1,"baseKey":"BQnqJB2M8YXOMCict55B1j7XjFoD2Bo9aZIPPNTvKOkh"}}},"version":"v1"}