{"_sessions":{"BaqGYB/hgwuEkyBT73LcX4EI+/2kmraU4Gakf4iEDvF6":{"registrationId":1043054917,"currentRatchet":{"ephemeralKeyPair":{"pubKey":"BQB0yXo8rlWs4QEz0uIahFH2+onYQCEIDT6W7n23gJpd","privKey":"0JWZMX+DIgar9D/Vt8yZ4CmfCtecLI0n8S8vG354114="},"lastRemoteEphemeralKey":"BdWa6KMqiQbJI4iDUMy6VKNIRQ+/WweFhpEq3O+9+mZa","previousCounter":112,"rootKey":"NLOp/Qev4Xz842HuVdwRQQozwQ/v/pzjF3Jxrwc3UCM="},"indexInfo":{"baseKey":"BaqGYB/hgwuEkyBT73LcX4EI+/2kmraU4Gakf4iEDvF6","baseKeyType":1,"closed":-1,"used":1686140172362,"created":1686138802909,"remoteIdentityKey":"BcPTbzuPHZ+6x/o4jMDd9y7lbAeQmtcj5fUksvFrOixv"},"_chains":{"BdWa6KMqiQbJI4iDUMy6VKNIRQ+/WweFhpEq3O+9+mZa":{"chainKey":{"counter":0,"key":"wtMmMErA2gldxfWFHWB4LBtfkgti25zPSusURM471nI="},"chainType":2,"messageKeys":{}},"BQB0yXo8rlWs4QEz0uIahFH2+onYQCEIDT6W7n23gJpd":{"chainKey":{"counter":150,"key":"iasPc++DPdwEzwSGfKY6YmPUe7bF835tEfx5l8GXuMA="},"chainType":1,"messageKeys":{}}}}},"version":"v1"}