{"_sessions":{"Bd/Of47Hm6tZ+M9/+r4wkJHSfv3sNbtXk1ql41t2yM11":{"registrationId":816203247,"currentRatchet":{"ephemeralKeyPair":{"pubKey":"BYxiFgL/IshNItukfp8k1r0xjn6vwTyWJlAnCodtfxIZ","privKey":"mKdjC0WHSSYyF/sHIErrn/bSwh4fgrvty3iMy+sWCXc="},"lastRemoteEphemeralKey":"BcCbTAoRngkpAdtKH7C0Q0+iVsyv4jmoV8gk9gatyZFt","previousCounter":144,"rootKey":"FMkz3jy2vK4c8W1H0p7VK0Al3P/OZH+eLpCq1FDPdQs="},"indexInfo":{"baseKey":"Bd/Of47Hm6tZ+M9/+r4wkJHSfv3sNbtXk1ql41t2yM11","baseKeyType":1,"closed":-1,"used":1686140742606,"created":1686138797695,"remoteIdentityKey":"Bb67WnFWxL8fiP/qgWK8NpqCf/Ma1Cm8Xc6tyyPI/mcF"},"_chains":{"BcCbTAoRngkpAdtKH7C0Q0+iVsyv4jmoV8gk9gatyZFt":{"chainKey":{"counter":0,"key":"Q2TAA9l1UgfaSLETArX1XPFC5dLa1QDTvoxWmKt2fSQ="},"chainType":2,"messageKeys":{}},"BYxiFgL/IshNItukfp8k1r0xjn6vwTyWJlAnCodtfxIZ":{"chainKey":{"counter":115,"key":"BjqvnZvL/r/8/FMimRv/yPi+E6ELKL/MFIX9k/f8LkE="},"chainType":1,"messageKeys":{}}}},"BZQonNuSQbYaXYGTDClxNJiy3V+LPnMb8Xc4UQY89Bt1":{"registrationId":816203247,"currentRatchet":{"ephemeralKeyPair":{"pubKey":"BZ9ElY1zY623y2oylmLET5/j54YiZIvaYd/azdDYD9AC","privKey":"WCAKEolm3u9HrrcxpS/ZljRwCR5keb6V5xmRsT1iXVk="},"lastRemoteEphemeralKey":"BcCbTAoRngkpAdtKH7C0Q0+iVsyv4jmoV8gk9gatyZFt","previousCounter":2,"rootKey":"xjKaglT8ACp9Q8CM4STznRmILzF91TScrF8Hqp5Vpgc="},"indexInfo":{"baseKey":"BZQonNuSQbYaXYGTDClxNJiy3V+LPnMb8Xc4UQY89Bt1","baseKeyType":1,"closed":1686140742607,"used":1686140678980,"created":1686140678980,"remoteIdentityKey":"Bb67WnFWxL8fiP/qgWK8NpqCf/Ma1Cm8Xc6tyyPI/mcF"},"_chains":{"BcCbTAoRngkpAdtKH7C0Q0+iVsyv4jmoV8gk9gatyZFt":{"chainKey":{"counter":0,"key":"7xKmjhw0WDa6EG6EB6KBp5hHw9hhWOa8d3V8eTQ5+2M="},"chainType":2,"messageKeys":{}},"BZ9ElY1zY623y2oylmLET5/j54YiZIvaYd/azdDYD9AC":{"chainKey":{"counter":-1,"key":"2sdc5wsrI7ZhYZrdixZxqqz7FZLD98c7aiOEijXqc/o="},"chainType":1,"messageKeys":{}}},"pendingPreKey":{"signedKeyId":1,"baseKey":"BZQonNuSQbYaXYGTDClxNJiy3V+LPnMb8Xc4UQY89Bt1","preKeyId":882385}}},"version":"v1"}