{"_sessions":{"BSTLxWgMJaLDVU7e6rtIUYVzUVy/yMhPKfyFAKFnb3MA":{"registrationId":1463699525,"currentRatchet":{"ephemeralKeyPair":{"pubKey":"BecGXqkcfAh64wbo7liZSZDLDOcn8tcZ0afhBguS6Dhq","privKey":"AL6uea+eod0H2Yo+7HIV7gIj3NRyxr49ntB+uFHI3ms="},"lastRemoteEphemeralKey":"Be6bPbe27mriZhbeAuhq1i3Z3X8qgJgYUsBNVh0Z75g7","previousCounter":0,"rootKey":"Qw082fRkDJKpIRoNGPiOhpB33k8XVNAzPmo8+/vvD18="},"indexInfo":{"baseKey":"BSTLxWgMJaLDVU7e6rtIUYVzUVy/yMhPKfyFAKFnb3MA","baseKeyType":1,"closed":1686140150669,"used":1686138802879,"created":1686138802879,"remoteIdentityKey":"BbZBkF5Pjwx/O2F7otfxBy7Ty7FJvW+3bbD6s8pXFOlE"},"_chains":{"BecGXqkcfAh64wbo7liZSZDLDOcn8tcZ0afhBguS6Dhq":{"chainKey":{"counter":111,"key":"N+0AQwJ/xIi32ZQXZ3NlRILc8rzT9gVNn4sDjHFbqxk="},"chainType":1,"messageKeys":{}}},"pendingPreKey":{"signedKeyId":5,"baseKey":"BSTLxWgMJaLDVU7e6rtIUYVzUVy/yMhPKfyFAKFnb3MA","preKeyId":4552578}},"Bby+q690iEX/sWr8dS2ZGJpRr7tJTXo8U7d6eWjR60Ex":{"registrationId":1463699525,"currentRatchet":{"ephemeralKeyPair":{"pubKey":"BccS61jQT92awMJTBzPWFiL1imCOxqfZvnf1IzZMA2Br","privKey":"oJV93iOoPoLZAb26QFqF5hoVw8EVsSDmg3pboGwrqHM="},"lastRemoteEphemeralKey":"Be6bPbe27mriZhbeAuhq1i3Z3X8qgJgYUsBNVh0Z75g7","previousCounter":0,"rootKey":"8Ovuss8M5YY5QRm56J35+JvaDvCgzx7ZiGSZpBvGm0c="},"indexInfo":{"baseKey":"Bby+q690iEX/sWr8dS2ZGJpRr7tJTXo8U7d6eWjR60Ex","baseKeyType":1,"closed":-1,"used":1686140150630,"created":1686140150630,"remoteIdentityKey":"BbZBkF5Pjwx/O2F7otfxBy7Ty7FJvW+3bbD6s8pXFOlE"},"_chains":{"BccS61jQT92awMJTBzPWFiL1imCOxqfZvnf1IzZMA2Br":{"chainKey":{"counter":151,"key":"+hFTaO7u/VeteHrZAhc97z2lQ8gNcqanQjREwLVXotE="},"chainType":1,"messageKeys":{}}},"pendingPreKey":{"signedKeyId":5,"baseKey":"Bby+q690iEX/sWr8dS2ZGJpRr7tJTXo8U7d6eWjR60Ex","preKeyId":4552613}}},"version":"v1"}