{"_sessions":{"BeiWoPkweVTh1gYhBORVGMQm8ly/MBtdHamHzo9m+pdN":{"registrationId":184118883,"currentRatchet":{"ephemeralKeyPair":{"pubKey":"BafkBNgk8dcT9GKKqHU9Y2DTn94BAaxCL/Nf1JOGlDkH","privKey":"SEUpzKWOHV7pnZSwNXnn+8kPc+ifOQ+/K2jItEmLLHo="},"lastRemoteEphemeralKey":"BaC/XXDy/1sBCIZbXHYBiTOkh8mUgBiRJV7TVOaTiwxE","previousCounter":0,"rootKey":"mFypHz7aZa9Nxrnc+BADWhbdqGtAW1MI6ZCkBiJdcJA="},"indexInfo":{"baseKey":"BeiWoPkweVTh1gYhBORVGMQm8ly/MBtdHamHzo9m+pdN","baseKeyType":1,"closed":1686139519517,"used":1686138797916,"created":1686138797916,"remoteIdentityKey":"BUuu7Lch6eHRIX+R5gFILmrJ81NyZ/QVkD7/mV6cmhJ+"},"_chains":{"BafkBNgk8dcT9GKKqHU9Y2DTn94BAaxCL/Nf1JOGlDkH":{"chainKey":{"counter":70,"key":"wGpSrabJiBHuN4uOHbjsFz3SO95ifmd+DQ/knlQnafQ="},"chainType":1,"messageKeys":{}}},"pendingPreKey":{"signedKeyId":1,"baseKey":"BeiWoPkweVTh1gYhBORVGMQm8ly/MBtdHamHzo9m+pdN","preKeyId":7996134}},"Bbw4CLlDCnZbAdNIEXsOUGzhEV8+W6eMXVZoeyCYc3UX":{"registrationId":184118883,"currentRatchet":{"ephemeralKeyPair":{"pubKey":"BbFgphrKH27tTSNf/mbz3EbkDyjR5RkcAnh39EZFICYH","privKey":"EIfhGPeqRp3lrmG5mkaDn66eIzjETeQ0qpIuXm6qtmk="},"lastRemoteEphemeralKey":"BaC/XXDy/1sBCIZbXHYBiTOkh8mUgBiRJV7TVOaTiwxE","previousCounter":0,"rootKey":"jJCs0k/LKrvDgAYjLAREwiG80gEgONfDTzqt1Ss5334="},"indexInfo":{"baseKey":"Bbw4CLlDCnZbAdNIEXsOUGzhEV8+W6eMXVZoeyCYc3UX","baseKeyType":1,"closed":-1,"used":1686139519443,"created":1686139519443,"remoteIdentityKey":"BUuu7Lch6eHRIX+R5gFILmrJ81NyZ/QVkD7/mV6cmhJ+"},"_chains":{"BbFgphrKH27tTSNf/mbz3EbkDyjR5RkcAnh39EZFICYH":{"chainKey":{"counter":192,"key":"H4/25ievZwuGr2d28VNLjsm4V8IsOu0ib9Ou3eg3tC4="},"chainType":1,"messageKeys":{}}},"pendingPreKey":{"signedKeyId":1,"baseKey":"Bbw4CLlDCnZbAdNIEXsOUGzhEV8+W6eMXVZoeyCYc3UX","preKeyId":7996214}}},"version":"v1"}