{"_sessions":{"BUK7r29utu0tUV4WcDndozf9b7XVXqkqJJbARkeTiU8W":{"registrationId":420795011,"currentRatchet":{"ephemeralKeyPair":{"pubKey":"BU7v6aAzVrmNv/KwLxUVlH9owyP4rbuWDtwVQcsHdnt1","privKey":"qJC5tNPPRzqaloPmxgYiU9wIOcc1O9DWACm1M4wLeEM="},"lastRemoteEphemeralKey":"BbeqjgvOcsR6P+y89hdyrrKZsXQ3zetncRfmb1L7SNc9","previousCounter":0,"rootKey":"jObTeAcx3X/cfCOAdJKPAUZEllZ7xFn+njEEhnxBTlU="},"indexInfo":{"baseKey":"BUK7r29utu0tUV4WcDndozf9b7XVXqkqJJbARkeTiU8W","baseKeyType":1,"closed":-1,"used":1686138803374,"created":1686138803374,"remoteIdentityKey":"BZB0V87vC1h9fKi6xYaSZj4TfYRBJuPObOumcmWqCJgo"},"_chains":{"BU7v6aAzVrmNv/KwLxUVlH9owyP4rbuWDtwVQcsHdnt1":{"chainKey":{"counter":263,"key":"dWYJGdkgRa+l1kt2tO2pZngezDE2e87nzD/aht0t/RY="},"chainType":1,"messageKeys":{}}},"pendingPreKey":{"signedKeyId":1,"baseKey":"BUK7r29utu0tUV4WcDndozf9b7XVXqkqJJbARkeTiU8W"}}},"version":"v1"}