{"_sessions":{"BXuRC/kvFDzh6qE12V783TWB0iXkdaLSuXCgohZ/LE8V":{"registrationId":130,"currentRatchet":{"ephemeralKeyPair":{"pubKey":"BWtw3jeMXZ9N9ncvaF33QXteiDKKZYGQg3p5JwwH+B0J","privKey":"MMCZHD9WddZiUYXTsEwxsUFzusXi30rlBhLpRs8VQX4="},"lastRemoteEphemeralKey":"BdzNPMs6ZoxrATh95g89t7VO1a5g8YvFN7InXNDCuEE/","previousCounter":0,"rootKey":"qnUATnd2uQrz2OCh/HnCBtLmNXanAFzlWHxWe8sscNA="},"indexInfo":{"baseKey":"BXuRC/kvFDzh6qE12V783TWB0iXkdaLSuXCgohZ/LE8V","baseKeyType":1,"closed":-1,"used":1686138796268,"created":1686138796268,"remoteIdentityKey":"BZcYvlRwynt5V3jDQsMi5dqQXpHSXbvhshV0F8IExoZo"},"_chains":{"BWtw3jeMXZ9N9ncvaF33QXteiDKKZYGQg3p5JwwH+B0J":{"chainKey":{"counter":263,"key":"noUlqrb4YGuLzfrQvQTYdHWaXUGnGOJ5Cs6JYCO+RX0="},"chainType":1,"messageKeys":{}}},"pendingPreKey":{"signedKeyId":1,"baseKey":"BXuRC/kvFDzh6qE12V783TWB0iXkdaLSuXCgohZ/LE8V"}}},"version":"v1"}