{"_sessions":{"BSU/gLlbwYFZ8EK7LonigI9FSjxqgaDzBwhMDlTYllhx":{"registrationId":472251979,"currentRatchet":{"ephemeralKeyPair":{"pubKey":"BTYI9OAB6cBCh5WNTSjwtiTvBPh3Q70gOYKJd4gmdy49","privKey":"2G17kvkypr4s1+9+OWPVoFi7mDq169/rTZft7itLynU="},"lastRemoteEphemeralKey":"BW5SzpxKIPhsVOJwARNFiIAQwzOA/Y8PKfuOlzmYvasw","previousCounter":0,"rootKey":"Tw5vvhqObX+w+KJ0oNwkcIvA0R8KVeYDKMyaW5fcUqw="},"indexInfo":{"baseKey":"BSU/gLlbwYFZ8EK7LonigI9FSjxqgaDzBwhMDlTYllhx","baseKeyType":1,"closed":1686139379753,"used":1686138799165,"created":1686138799165,"remoteIdentityKey":"BVdr0h46tH49xxtp9jS7FxwSHP6Cfby1wBBdsT/lT0lj"},"_chains":{"BTYI9OAB6cBCh5WNTSjwtiTvBPh3Q70gOYKJd4gmdy49":{"chainKey":{"counter":56,"key":"39iStmqLf3DMyy2ta9Zl9raHHifP52fgj2wb9LME0xE="},"chainType":1,"messageKeys":{}}},"pendingPreKey":{"signedKeyId":7,"baseKey":"BSU/gLlbwYFZ8EK7LonigI9FSjxqgaDzBwhMDlTYllhx","preKeyId":11411791}},"BcAA2L8koImCRFs4LKQw8LWiTsCy9rCNYNaB2LxOjDg5":{"registrationId":472251979,"currentRatchet":{"ephemeralKeyPair":{"pubKey":"BSfI99byQ/xJVhZbWA51nGdNi2f+3E/0kONtNUOpxBlN","privKey":"AD8IW7pyhdejKVbpRlRbwgrAKQJyLfQMFa6ZiadDj0o="},"lastRemoteEphemeralKey":"BW5SzpxKIPhsVOJwARNFiIAQwzOA/Y8PKfuOlzmYvasw","previousCounter":0,"rootKey":"4IScGxdWwdn2r6axerWrHKkgqjBFHf+IYwHqW7lqlfE="},"indexInfo":{"baseKey":"BcAA2L8koImCRFs4LKQw8LWiTsCy9rCNYNaB2LxOjDg5","baseKeyType":1,"closed":-1,"used":1686139379734,"created":1686139379734,"remoteIdentityKey":"BVdr0h46tH49xxtp9jS7FxwSHP6Cfby1wBBdsT/lT0lj"},"_chains":{"BSfI99byQ/xJVhZbWA51nGdNi2f+3E/0kONtNUOpxBlN":{"chainKey":{"counter":206,"key":"fjiMVKzEtkfbieyUI9jAmOt5KFkuSbB5SeI+Gsllfpo="},"chainType":1,"messageKeys":{}}},"pendingPreKey":{"signedKeyId":7,"baseKey":"BcAA2L8koImCRFs4LKQw8LWiTsCy9rCNYNaB2LxOjDg5","preKeyId":11411667}}},"version":"v1"}