{"_sessions":{"BRO2TTaqUqjlukhBrrr8zM3zf1XYg/tO4+qBWAz2a/Nt":{"registrationId":732146071,"currentRatchet":{"ephemeralKeyPair":{"pubKey":"Bcq6JbXiUX8i89TPDupbRlDPCIahcy46wH5Kp7CIOsI7","privKey":"aIHO1rLQjaxoJp4b533uM0PrveX+LXiY+kcip4DUvHQ="},"lastRemoteEphemeralKey":"BReVHfJg92G+h+n6T8W36Yyj4UVCdwx1tqibjO/FcksJ","previousCounter":0,"rootKey":"TcM6DKU3RN+OkLeSipc5QfF150O+je4dAeQBIyidQ0s="},"indexInfo":{"baseKey":"BRO2TTaqUqjlukhBrrr8zM3zf1XYg/tO4+qBWAz2a/Nt","baseKeyType":1,"closed":1686139204254,"used":1686138801334,"created":1686138801334,"remoteIdentityKey":"BctmTvMimfqaChiSTlWkLp1DeSkzA6D9xXK2VFhbAVFg"},"_chains":{"Bcq6JbXiUX8i89TPDupbRlDPCIahcy46wH5Kp7CIOsI7":{"chainKey":{"counter":15,"key":"M/kLcalEbxlG6tLL/B5c6UyCDvIkcmCYAD+u1vA4oF4="},"chainType":1,"messageKeys":{}}},"pendingPreKey":{"signedKeyId":8,"baseKey":"BRO2TTaqUqjlukhBrrr8zM3zf1XYg/tO4+qBWAz2a/Nt","preKeyId":8262181}},"BZu/XAloZnq5Ef6KRvt4kOALFmCNuSABMBbvb7WJoHMG":{"registrationId":732146071,"currentRatchet":{"ephemeralKeyPair":{"pubKey":"Baf2vqgrMT/Tif5J204/pBFiGEXVAlo81cSe5rYSGY4V","privKey":"cHemLHekx6LFnA7hqJoGaYi6cDIcinyU18oU0N9nrFM="},"lastRemoteEphemeralKey":"BReVHfJg92G+h+n6T8W36Yyj4UVCdwx1tqibjO/FcksJ","previousCounter":0,"rootKey":"TEvQsBI8GeC9vLU/ebaIV8csavfISRhIoOGzj1r2qX8="},"indexInfo":{"baseKey":"BZu/XAloZnq5Ef6KRvt4kOALFmCNuSABMBbvb7WJoHMG","baseKeyType":1,"closed":-1,"used":1686139204184,"created":1686139204184,"remoteIdentityKey":"BctmTvMimfqaChiSTlWkLp1DeSkzA6D9xXK2VFhbAVFg"},"_chains":{"Baf2vqgrMT/Tif5J204/pBFiGEXVAlo81cSe5rYSGY4V":{"chainKey":{"counter":247,"key":"sb3YSWfbWtsmjG4txCEdTtKckZ3V/ZhgoeapZNk1gOY="},"chainType":1,"messageKeys":{}}},"pendingPreKey":{"signedKeyId":8,"baseKey":"BZu/XAloZnq5Ef6KRvt4kOALFmCNuSABMBbvb7WJoHMG","preKeyId":8261874}}},"version":"v1"}