{"_sessions":{"BTMTOa2dD1eXKZDsw2EyZ4iA/5NtS2UAhKjO5Kzi4c52":{"registrationId":2027776566,"currentRatchet":{"ephemeralKeyPair":{"pubKey":"BTXhHRf/VnTGNmhh1wFCUh3fqP5stuefn6HBKypE/h0M","privKey":"gAmPcoh2wHZ+lSrnfbYtyUf+q7AWZAi1aZ5II6cdpFQ="},"lastRemoteEphemeralKey":"BQdq+gJvMBHolbBkBViiOgcE1rWLuva3etF59exENldZ","previousCounter":0,"rootKey":"AKnoMBU/whyf08ZtrPU+67lCtFx6aj6kpN7IBUOQPYk="},"indexInfo":{"baseKey":"BTMTOa2dD1eXKZDsw2EyZ4iA/5NtS2UAhKjO5Kzi4c52","baseKeyType":1,"closed":-1,"used":1686138798674,"created":1686138798674,"remoteIdentityKey":"BaetmP2otPahDLS3N+jfinLmK7XqwgpUOq9tC42F5eIv"},"_chains":{"BTXhHRf/VnTGNmhh1wFCUh3fqP5stuefn6HBKypE/h0M":{"chainKey":{"counter":263,"key":"KcmV4Lz/WEmk0jn/EnCLeNT+S6k/FO6jx0Me/uDSPCM="},"chainType":1,"messageKeys":{}}},"pendingPreKey":{"signedKeyId":0,"baseKey":"BTMTOa2dD1eXKZDsw2EyZ4iA/5NtS2UAhKjO5Kzi4c52","preKeyId":7046401}}},"version":"v1"}