{"_sessions":{"BTq7l7pUOzF11RHt7MsoK9UWMPDHi0QChFINztY29ft9":{"registrationId":883574450,"currentRatchet":{"ephemeralKeyPair":{"pubKey":"BXueUVCxr03NxqVJfJiuqHGmyhIckKRtZQImIoR6ulxw","privKey":"6JXwUsVc6+YlZbdtcULFdU/lzn6OSN2j9FcRSr9vB0o="},"lastRemoteEphemeralKey":"BSXIoj7XVurz5LgxLPnSkJueINAbnEUXWaeSjnm7eu8A","previousCounter":0,"rootKey":"MJ/UQouLQxPXuZl+Q6bqNV7wMJMZFbAcUzfsm8dC0jI="},"indexInfo":{"baseKey":"BTq7l7pUOzF11RHt7MsoK9UWMPDHi0QChFINztY29ft9","baseKeyType":1,"closed":-1,"used":1686138797176,"created":1686138797176,"remoteIdentityKey":"BZpuej4gO3j7pDWOuomuu8/7Fv7TsJnTraydoKc6OO8Y"},"_chains":{"BXueUVCxr03NxqVJfJiuqHGmyhIckKRtZQImIoR6ulxw":{"chainKey":{"counter":263,"key":"TcnM0DyDzR2sdeqMf00ngad3HjNVobGTrdIWGktqLOE="},"chainType":1,"messageKeys":{}}},"pendingPreKey":{"signedKeyId":9,"baseKey":"BTq7l7pUOzF11RHt7MsoK9UWMPDHi0QChFINztY29ft9","preKeyId":2761833}}},"version":"v1"}