{"_sessions":{"BUOanWMdCxuZWOUrjJgaoQF2+gimbvexqlwNd0Ukqed2":{"registrationId":1567908894,"currentRatchet":{"ephemeralKeyPair":{"pubKey":"BfB3/mFRgAT8YtLJAUaWtuL/x35hx/7fjl5sHpRN/XYN","privKey":"cOux5ltZXDsz3ENQDCCsroosJVGpdPpicZwISTrDVVw="},"lastRemoteEphemeralKey":"BT3k3nNWc+EuXoHaZNU/x64kPqtemxzejspyd4hFE3Nq","previousCounter":6,"rootKey":"+txwzo+A/0uC0hmor3jxHDf75nrbJUIe/umGUWcvKL8="},"indexInfo":{"baseKey":"BUOanWMdCxuZWOUrjJgaoQF2+gimbvexqlwNd0Ukqed2","baseKeyType":1,"closed":-1,"used":1686139726690,"created":1686139679992,"remoteIdentityKey":"BUgrzzi/RjM0tWtSyw9RMygxTw9ZpkxSgDVzTPmTsUEN"},"_chains":{"BT3k3nNWc+EuXoHaZNU/x64kPqtemxzejspyd4hFE3Nq":{"chainKey":{"counter":0,"key":"b/INB2V7bHIVbcn05XSs9Hg4Ip2hWnfGaLskV0vPqcU="},"chainType":2,"messageKeys":{}},"BfB3/mFRgAT8YtLJAUaWtuL/x35hx/7fjl5sHpRN/XYN":{"chainKey":{"counter":174,"key":"r+IaYf41vITyo7ywK6KTaa3elQnF2vyKJMuVNnyN74U="},"chainType":1,"messageKeys":{}}}}},"version":"v1"}