{"_sessions":{"BdpFgvOHLp2O0Uqs9Xr9lM/ecn01pjUkKChvnC+RFcd2":{"registrationId":1592492612,"currentRatchet":{"ephemeralKeyPair":{"pubKey":"BQPL3OYDrxH0Nd23+TFPw6nRSTIiT5WXdZ1yKFIjJdAW","privKey":"ALPgJiBqwEjy1SksRkfcb764rIqks5oijdWapnLiamQ="},"lastRemoteEphemeralKey":"BXI4ZqG7GkO2ZTIdghKVV8u/QHJYrgGFsZGIscBrs8MZ","previousCounter":2,"rootKey":"PftathL+XqmYHEwHETyF/UOu7gt2zgrQ5f79PI84YSw="},"indexInfo":{"baseKey":"BdpFgvOHLp2O0Uqs9Xr9lM/ecn01pjUkKChvnC+RFcd2","baseKeyType":1,"closed":-1,"used":1686141284105,"created":1686141258287,"remoteIdentityKey":"BS3BZt54sntYsnnzIBf3z7noxD3o1mP8Z2+SLMCRSvQw"},"_chains":{"BXI4ZqG7GkO2ZTIdghKVV8u/QHJYrgGFsZGIscBrs8MZ":{"chainKey":{"counter":0,"key":"+Etxh5iJIoa7Gu+K/cLqDimxdD1UIbFUkY0GRbW+/0o="},"chainType":2,"messageKeys":{}},"BQPL3OYDrxH0Nd23+TFPw6nRSTIiT5WXdZ1yKFIjJdAW":{"chainKey":{"counter":71,"key":"nnUjeiTIOshnEnmIOtxofb0zW5GqN3xkq25H/8TIfq8="},"chainType":1,"messageKeys":{}}}},"BdTZeiCXqD+nWDtgG1R8Yh7I7xcmkSgnraHycWkFuuFd":{"registrationId":1592492612,"currentRatchet":{"ephemeralKeyPair":{"pubKey":"BeiqazC1o3RIwERJc9GPK3o4j5DUp2oRRRt1Z+EWSz9K","privKey":"iG2XUv5on5wsqTcjI70XeLkX9eKzWFr8aA3EsXI96Uk="},"lastRemoteEphemeralKey":"BXI4ZqG7GkO2ZTIdghKVV8u/QHJYrgGFsZGIscBrs8MZ","previousCounter":7,"rootKey":"bDSP/9lBnkfyR2YGNnNs+LnrUNXV1ODbRDg2HrWrhgU="},"indexInfo":{"baseKey":"BdTZeiCXqD+nWDtgG1R8Yh7I7xcmkSgnraHycWkFuuFd","baseKeyType":1,"closed":1686141284106,"used":1686141266322,"created":1686141266322,"remoteIdentityKey":"BS3BZt54sntYsnnzIBf3z7noxD3o1mP8Z2+SLMCRSvQw"},"_chains":{"BXI4ZqG7GkO2ZTIdghKVV8u/QHJYrgGFsZGIscBrs8MZ":{"chainKey":{"counter":0,"key":"7IfOSBjDpZidbK5sStcfhzvIbjr+BVyQ8O9d3hEvhyE="},"chainType":2,"messageKeys":{}},"BeiqazC1o3RIwERJc9GPK3o4j5DUp2oRRRt1Z+EWSz9K":{"chainKey":{"counter":-1,"key":"D3XqxejIddHJxo6uUzN2kY1hTYHCA4u7uOm1Tjuzqxc="},"chainType":1,"messageKeys":{}}},"pendingPreKey":{"signedKeyId":21,"baseKey":"BdTZeiCXqD+nWDtgG1R8Yh7I7xcmkSgnraHycWkFuuFd","preKeyId":5223910}}},"version":"v1"}