{"_sessions":{"BThpDLkffIYKw3vNdMmbkIJcBcfYbgCO4v9zb//N1Th4":{"registrationId":2128681533,"currentRatchet":{"ephemeralKeyPair":{"pubKey":"BXesHYbwQ6Qj/VNq5PPTJ0xrYw1Lfcb0TZyDcPGNakNM","privKey":"8KOkqZ7GFQ00AUGv9ht3xl7EIFDXAh3FTeNJTPtcfW8="},"lastRemoteEphemeralKey":"BcALZV7K6nA2fhOcrEOq8uJdWtZN6Ub7+3v3Qk8OY7hL","previousCounter":0,"rootKey":"0A8X49jD2rZ1BOC/hhjyeNHPVddO30wBFVIhPhyLBFU="},"indexInfo":{"baseKey":"BThpDLkffIYKw3vNdMmbkIJcBcfYbgCO4v9zb//N1Th4","baseKeyType":1,"closed":-1,"used":1686138802284,"created":1686138802284,"remoteIdentityKey":"BX8DV+O4rB9l6PUKI+S/Q/IWUlT/S4lXE0nY4wdhHj4q"},"_chains":{"BXesHYbwQ6Qj/VNq5PPTJ0xrYw1Lfcb0TZyDcPGNakNM":{"chainKey":{"counter":263,"key":"OxBVdv8tmKrnZCjDrf3y9ax4Tts4YxXWuubjKvSvlb4="},"chainType":1,"messageKeys":{}}},"pendingPreKey":{"signedKeyId":0,"baseKey":"BThpDLkffIYKw3vNdMmbkIJcBcfYbgCO4v9zb//N1Th4"}}},"version":"v1"}