{"_sessions":{"BXVstjnHmFztRPN1ag1ych3BOzTJtYd1IzklfLGQ3LtZ":{"registrationId":2114517257,"currentRatchet":{"ephemeralKeyPair":{"pubKey":"BQiZAQO1ns8r7zOu2PQZJ/Q7YiGNGx8roPYw4ocWNphv","privKey":"sD3x+QYIuqqEqDPgJ51hUQ0feG62Cw9D9QMDMb16Dm8="},"lastRemoteEphemeralKey":"BaVLIkwI1671KoW3/NqSqtVA0WloyYyxL48sou9y2f1q","previousCounter":0,"rootKey":"sg8rsjTTO4ivqiZQ5Gkzi8rMnq+wgmVacOMtpCOTGq4="},"indexInfo":{"baseKey":"BXVstjnHmFztRPN1ag1ych3BOzTJtYd1IzklfLGQ3LtZ","baseKeyType":1,"closed":1686140314523,"used":1686138797043,"created":1686138797043,"remoteIdentityKey":"BTK3asp/LeuBl3MJ2N3HB5/aG+JLSOBIiJ4F0WRidooN"},"_chains":{"BQiZAQO1ns8r7zOu2PQZJ/Q7YiGNGx8roPYw4ocWNphv":{"chainKey":{"counter":126,"key":"YmsABvBcaRFD7K/XhnqsxxbCFzBWX2uRRuw/zMUEaBU="},"chainType":1,"messageKeys":{}}},"pendingPreKey":{"signedKeyId":0,"baseKey":"BXVstjnHmFztRPN1ag1ych3BOzTJtYd1IzklfLGQ3LtZ","preKeyId":14459163}},"BfLAsEPJJRvobebWITKV/oZuBwxJcoyMV8JtchZO/cBf":{"registrationId":2114517257,"currentRatchet":{"ephemeralKeyPair":{"pubKey":"BcYhv2zrRHWDekdFBT4xSACSUVY5GHIOabfgBvW2tIse","privKey":"cJb67cUS04XPgnlEgKkCxTsJSU3oDc+X7CTF0qZRSGg="},"lastRemoteEphemeralKey":"BaVLIkwI1671KoW3/NqSqtVA0WloyYyxL48sou9y2f1q","previousCounter":0,"rootKey":"jCszGQEaC43hDS99qDVOr0irkiiz47WHw4MaE5QfLN4="},"indexInfo":{"baseKey":"BfLAsEPJJRvobebWITKV/oZuBwxJcoyMV8JtchZO/cBf","baseKeyType":1,"closed":-1,"used":1686140314497,"created":1686140314497,"remoteIdentityKey":"BTK3asp/LeuBl3MJ2N3HB5/aG+JLSOBIiJ4F0WRidooN"},"_chains":{"BcYhv2zrRHWDekdFBT4xSACSUVY5GHIOabfgBvW2tIse":{"chainKey":{"counter":136,"key":"Ypp74BcoiU0diKBi/5WQLM83Jh3bZ3Sv2sC0vd5jUXQ="},"chainType":1,"messageKeys":{}}},"pendingPreKey":{"signedKeyId":0,"baseKey":"BfLAsEPJJRvobebWITKV/oZuBwxJcoyMV8JtchZO/cBf","preKeyId":14459009}}},"version":"v1"}