{"_sessions":{"Bf3fm+hZeKF34zzpYU83Ze8qMv40KeZIaVmaUPs4oeM1":{"registrationId":1457805385,"currentRatchet":{"ephemeralKeyPair":{"pubKey":"BezeROo7UkhpXcAL1QBMP0T0k3T9Oq2VIznC2uFJbKJ8","privKey":"GE+N1DuyKk2RjCsi6mcLhOBescNaD9VaQ6u0aMnRjn8="},"lastRemoteEphemeralKey":"BfEMElDRWiVxlb6ftxRIo3zK5YffU5i2/6Ht6a+72TF5","previousCounter":0,"rootKey":"pM4mgXXTlS2DEPiYqTvLhv2skT60MyiLuWhd6YCLl9Y="},"indexInfo":{"baseKey":"Bf3fm+hZeKF34zzpYU83Ze8qMv40KeZIaVmaUPs4oeM1","baseKeyType":1,"closed":-1,"used":1686138798967,"created":1686138798967,"remoteIdentityKey":"BdCNsCkhPm3Cv25KDx9O5D5vem4sEYROOrmNzU085eM6"},"_chains":{"BezeROo7UkhpXcAL1QBMP0T0k3T9Oq2VIznC2uFJbKJ8":{"chainKey":{"counter":263,"key":"abtrY3XoukxALiUwPWqR3QRod9RmfkJUtT0bK7zK8cY="},"chainType":1,"messageKeys":{}}},"pendingPreKey":{"signedKeyId":0,"baseKey":"Bf3fm+hZeKF34zzpYU83Ze8qMv40KeZIaVmaUPs4oeM1"}}},"version":"v1"}