{"_sessions":{"BYNd9itqZWQAhZqxTZf+im2NIwzYwz8haW12no+hu0AC":{"registrationId":1106526539,"currentRatchet":{"ephemeralKeyPair":{"pubKey":"BfwDxLbe+gfd9D1IvHk6tmj8zfJPqJCVxsKf79DIryc1","privKey":"QOONwsbkF+LqMpagDOyF5MysWJcaFzcC4PiuO+inDXs="},"lastRemoteEphemeralKey":"BRYwtYpV/MH0KO5K9v9EkPeoU4Wh23Y2uFjL5ZdZb5BL","previousCounter":0,"rootKey":"sVX2jptdEE9mqTnxu1pJVOqP+ZtbT+J0ad4Tt07b3kQ="},"indexInfo":{"baseKey":"BYNd9itqZWQAhZqxTZf+im2NIwzYwz8haW12no+hu0AC","baseKeyType":1,"closed":-1,"used":1686138801156,"created":1686138801156,"remoteIdentityKey":"BQnVri1A49+Glx3DFx8F/Q0eoAdkJiSiMSGNF99WY95V"},"_chains":{"BfwDxLbe+gfd9D1IvHk6tmj8zfJPqJCVxsKf79DIryc1":{"chainKey":{"counter":263,"key":"fh3Ley86u0nRVe3P8Qq/pYRxASyEsEgcslPgjG7545o="},"chainType":1,"messageKeys":{}}},"pendingPreKey":{"signedKeyId":3,"baseKey":"BYNd9itqZWQAhZqxTZf+im2NIwzYwz8haW12no+hu0AC","preKeyId":4141926}}},"version":"v1"}