{"_sessions":{"BbxMZlXI5jLJRvOAdJehWdcceuFIw0ihAmHUUBUctl0x":{"registrationId":32728903,"currentRatchet":{"ephemeralKeyPair":{"pubKey":"BQCWMSqt2fkU8K+KBxTACjYwNVyfJ42MXJchnXxUXGBQ","privKey":"gPqdzOGIZZrCLcgTdoByyLSphSgsa2iqc3612LTo6k4="},"lastRemoteEphemeralKey":"BeGyfkLo4j/f8evP1Tg/WOrPxepqm7bh/mc4SJaNCLp9","previousCounter":0,"rootKey":"VfuZ7QfWXhFvtX8hJ9KYuqmsIZHzR10k2fM+Xg6WQjk="},"indexInfo":{"baseKey":"BbxMZlXI5jLJRvOAdJehWdcceuFIw0ihAmHUUBUctl0x","baseKeyType":1,"closed":-1,"used":1686138801249,"created":1686138801249,"remoteIdentityKey":"BRxs2AcVLnEP2zAraoBmf3jhqnFlmvClQ7qB+L+InWN+"},"_chains":{"BQCWMSqt2fkU8K+KBxTACjYwNVyfJ42MXJchnXxUXGBQ":{"chainKey":{"counter":263,"key":"95gCP9hA1SC66cQLZc9my/xAkNtoX7dO4i6xiQWcmIA="},"chainType":1,"messageKeys":{}}},"pendingPreKey":{"signedKeyId":4,"baseKey":"BbxMZlXI5jLJRvOAdJehWdcceuFIw0ihAmHUUBUctl0x","preKeyId":16264492}}},"version":"v1"}