{"_sessions":{"Ba/ZgRFMtBsIjBb2W7D4Lmhr3XNZ1tGX+I1A3rOSaglh":{"registrationId":45,"currentRatchet":{"ephemeralKeyPair":{"pubKey":"BVjeu1KS3dV4OwkHihRAmY7FLE1MhIu6XKXubyEU5WV+","privKey":"APjua3QXU7yuB2wIwgLNf0uHO6lyxocuxtkMHbJHamU="},"lastRemoteEphemeralKey":"Bfs8PAT52iYp4wDFItJB8BYICvaEg2eMbT4LGULqztBx","previousCounter":0,"rootKey":"gU+y4suXzKtw6DHPgAd1pTrhZZ/znAh4CmbtelF5Z4I="},"indexInfo":{"baseKey":"Ba/ZgRFMtBsIjBb2W7D4Lmhr3XNZ1tGX+I1A3rOSaglh","baseKeyType":1,"closed":-1,"used":1686138795936,"created":1686138795936,"remoteIdentityKey":"BdlL9yfClAoe2jqn+i/pdGaT434fKX4n0sJIOVc3G1Y1"},"_chains":{"BVjeu1KS3dV4OwkHihRAmY7FLE1MhIu6XKXubyEU5WV+":{"chainKey":{"counter":263,"key":"4T5LT4SIx5iSGwcUN+XZ3WmeUdaBPyX1i9cdZsQmtY0="},"chainType":1,"messageKeys":{}}},"pendingPreKey":{"signedKeyId":1,"baseKey":"Ba/ZgRFMtBsIjBb2W7D4Lmhr3XNZ1tGX+I1A3rOSaglh"}}},"version":"v1"}