{"_sessions":{"BTrwQ9puuv5wERWFbHGwlWpdkrwy9fFtLMsAnsWVwUNr":{"registrationId":355056315,"currentRatchet":{"ephemeralKeyPair":{"pubKey":"BWcY2aiC7Qyz01gfXnFd/QV3yK/c/TKQetfQLpUXay9G","privKey":"GHU8rOw92lh+2AKz+gOZMyudDHRJ5FXR/dneDu00IGw="},"lastRemoteEphemeralKey":"BcsF7zBQzXh50soT0FgVLFTs8bY/zTvebHgAWDGSf4R/","previousCounter":0,"rootKey":"YqO8oQGZ34tdP0bo0P3o6mTwrsK4xS9T1YzqUC9Si+c="},"indexInfo":{"baseKey":"BTrwQ9puuv5wERWFbHGwlWpdkrwy9fFtLMsAnsWVwUNr","baseKeyType":1,"closed":-1,"used":1686138796895,"created":1686138796895,"remoteIdentityKey":"BVbSFwvaWCMoUNxYwUoI0Qkv+hCZfFNQhrLy/NwR15JJ"},"_chains":{"BWcY2aiC7Qyz01gfXnFd/QV3yK/c/TKQetfQLpUXay9G":{"chainKey":{"counter":263,"key":"RiZUV1vTCey02I5fcuRVSUaO0lrcuqwX0K684LQkG/I="},"chainType":1,"messageKeys":{}}},"pendingPreKey":{"signedKeyId":0,"baseKey":"BTrwQ9puuv5wERWFbHGwlWpdkrwy9fFtLMsAnsWVwUNr","preKeyId":9089064}}},"version":"v1"}