{"_sessions":{"BT4GgRptrw5X4/Dn7Bt6rDo0CT7SUJEFje1gm2cGkSBw":{"registrationId":246,"currentRatchet":{"ephemeralKeyPair":{"pubKey":"BRvFDvNK0fiJQHyCDtrT9lXkkGoTH6ydtCiJrklU2F98","privKey":"wPog1wBUS7hXC2eYUrOo2tGAr8USg5hXRfa61PskQ2o="},"lastRemoteEphemeralKey":"BadP9jIp4bkFid3uHusuHBAH0tBwalbkLCpLY2oouag+","previousCounter":0,"rootKey":"i7l7moFHLofHCsN9MQ3ZDQcnX5Hoon9NvWO7lFScqgA="},"indexInfo":{"baseKey":"BT4GgRptrw5X4/Dn7Bt6rDo0CT7SUJEFje1gm2cGkSBw","baseKeyType":1,"closed":-1,"used":1686138795595,"created":1686138795595,"remoteIdentityKey":"BYsyWmdV7ITwiOdTre4b6lDQurWYewPuFtQqHlJGPcMa"},"_chains":{"BRvFDvNK0fiJQHyCDtrT9lXkkGoTH6ydtCiJrklU2F98":{"chainKey":{"counter":263,"key":"XSD63cIpWJ+fmnHalpwf6V0+kBsrHXhoPb39uGb8qbw="},"chainType":1,"messageKeys":{}}},"pendingPreKey":{"signedKeyId":1,"baseKey":"BT4GgRptrw5X4/Dn7Bt6rDo0CT7SUJEFje1gm2cGkSBw"}}},"version":"v1"}