{"_sessions":{"BVkpNDOU4ZiGiv4llAM145jRia8iibn4bRWyXggPRPB0":{"registrationId":1383765387,"currentRatchet":{"ephemeralKeyPair":{"pubKey":"BTILl9W/NUC/hvbF7togzBRuCHQsAZQfjiw46LhvGtEr","privKey":"qKpq8u3yHw/RN4izCyQAHGKLSL2dt3NA/7SPUksaXGs="},"lastRemoteEphemeralKey":"Bf5RkOKnHBShseE6rFrT+fqCSzYfpjkIKXoQvpNE5hZG","previousCounter":0,"rootKey":"YFuVyBvwO47Vkl19j7LmiUCfYbJcnSFsRFCfAdrIWL4="},"indexInfo":{"baseKey":"BVkpNDOU4ZiGiv4llAM145jRia8iibn4bRWyXggPRPB0","baseKeyType":1,"closed":-1,"used":1686138799139,"created":1686138799139,"remoteIdentityKey":"BZZisjMBocpRBWY/MnjKMfZ/Kvs/1Nvld28VrvumM0Bx"},"_chains":{"BTILl9W/NUC/hvbF7togzBRuCHQsAZQfjiw46LhvGtEr":{"chainKey":{"counter":263,"key":"+d+EVGFplka8k5ZLlnNN9wxAbi0BnzZzhniRmfICKZA="},"chainType":1,"messageKeys":{}}},"pendingPreKey":{"signedKeyId":2,"baseKey":"BVkpNDOU4ZiGiv4llAM145jRia8iibn4bRWyXggPRPB0","preKeyId":12844995}}},"version":"v1"}