{"_sessions":{"BZqEL3RsuMJymeWedYtWLZjnXnb1ptzyZ/vmq8QtEVcC":{"registrationId":1198009953,"currentRatchet":{"ephemeralKeyPair":{"pubKey":"BZTh49D4bJeYuhAS2swYvK3ZfSLmhiQhZZIrILS6+iIL","privKey":"eBe01+l+rkOQ69H5rjGMTB7qYBBCVXhJ/geM123BU0A="},"lastRemoteEphemeralKey":"BcHcjWo1nQ3BVpNLS1r7yk/x1pTtwsNs1A1HQn07dA43","previousCounter":0,"rootKey":"w5L2nZRPihpFwg23FDNVJPTnBLJ3DgxdtNg6IRbC+34="},"indexInfo":{"baseKey":"BZqEL3RsuMJymeWedYtWLZjnXnb1ptzyZ/vmq8QtEVcC","baseKeyType":1,"closed":-1,"used":1686138803162,"created":1686138803162,"remoteIdentityKey":"BY4m7YUesNLTfbhatIRcUX4DJbV2BM3v9e263iU7+YUh"},"_chains":{"BZTh49D4bJeYuhAS2swYvK3ZfSLmhiQhZZIrILS6+iIL":{"chainKey":{"counter":263,"key":"VAh2/OsLSRn9tvxTq33U0aHtOsBaHtp9cSd3x0mXNB4="},"chainType":1,"messageKeys":{}}},"pendingPreKey":{"signedKeyId":0,"baseKey":"BZqEL3RsuMJymeWedYtWLZjnXnb1ptzyZ/vmq8QtEVcC"}}},"version":"v1"}