{"_sessions":{"BVqO+jw8dnmJ8iPXVnq4LAfYrPsa7OkK+nNIFpBhFXkG":{"registrationId":1127970348,"currentRatchet":{"ephemeralKeyPair":{"pubKey":"BXhDCfRN8GoCAQKJTwyo0VYlSOzpq99nZ1da7LxqtElW","privKey":"wDcaudG1zaM35rvOVkhXKBgIRN+JoJUtQcEU1Hdvr18="},"lastRemoteEphemeralKey":"BetH8MQsvYV3l+jO2+l69aj83Wg88aKOoWe0J3AB/YQ0","previousCounter":0,"rootKey":"zkAZF/E6npk9XM+jbve6H/vAjvOd/CU093MnQTNgmfQ="},"indexInfo":{"baseKey":"BVqO+jw8dnmJ8iPXVnq4LAfYrPsa7OkK+nNIFpBhFXkG","baseKeyType":1,"closed":-1,"used":1686138798540,"created":1686138798540,"remoteIdentityKey":"BX5mK/RCSguTl3fYE7h5SLT7qIflKbJ6qwZ6nVtvg3Nw"},"_chains":{"BXhDCfRN8GoCAQKJTwyo0VYlSOzpq99nZ1da7LxqtElW":{"chainKey":{"counter":263,"key":"TVQ+4A4Wirsb3J4nKXdfhjFVC6fCtV8+ooNo2hRbfXM="},"chainType":1,"messageKeys":{}}},"pendingPreKey":{"signedKeyId":0,"baseKey":"BVqO+jw8dnmJ8iPXVnq4LAfYrPsa7OkK+nNIFpBhFXkG","preKeyId":3319791}}},"version":"v1"}