{"_sessions":{"BS9tKol7t9NIzDC5RJ8b1/5RSr8CFwpjV/vOdMs676k4":{"registrationId":495860846,"currentRatchet":{"ephemeralKeyPair":{"pubKey":"BZTJwrfTjNnwGJaE7OB74d0RsIQtNj2tKqyMQZo5R05V","privKey":"eAPIZG1KDdy56/OuahlS6X2l47kqvnZsg13+MtPeBnY="},"lastRemoteEphemeralKey":"BVtEZSumT36CP0GzIOkq7dGNXVaT9g1xNBLtET+a7Y8q","previousCounter":0,"rootKey":"sHBZ4J6cb9EWdWQ2IVBjnpDFLlvG876km2+U+oxXPcY="},"indexInfo":{"baseKey":"BS9tKol7t9NIzDC5RJ8b1/5RSr8CFwpjV/vOdMs676k4","baseKeyType":1,"closed":-1,"used":1686138801716,"created":1686138801716,"remoteIdentityKey":"Banfxhl2Arj5KuSL2SGFJuKp8zDnWkZ0EfeAYDEShWJg"},"_chains":{"BZTJwrfTjNnwGJaE7OB74d0RsIQtNj2tKqyMQZo5R05V":{"chainKey":{"counter":263,"key":"AiTj5P4gt28RboDrm+whTqefLJY9JB/MKkFjhBbzQWU="},"chainType":1,"messageKeys":{}}},"pendingPreKey":{"signedKeyId":0,"baseKey":"BS9tKol7t9NIzDC5RJ8b1/5RSr8CFwpjV/vOdMs676k4","preKeyId":7580678}}},"version":"v1"}