{"_sessions":{"BbJq5IjCaXKk0wMeLvqQRHnzVSGt33ZHOIMYFOtbRqYD":{"registrationId":2140318456,"currentRatchet":{"ephemeralKeyPair":{"pubKey":"BTQesM+wsC995FKCDPeqdV92XjTyMwI4sQJ0CwQYk9Fy","privKey":"QEKV/EMbtaLOgl9hiUTuAaNehXV93A11ZohxrZliu0g="},"lastRemoteEphemeralKey":"BSq5d3mA5JKed7idq3o4fvOlbtjt3pUDEUoYM1Uqi3Y/","previousCounter":0,"rootKey":"mp0Vtk/YkVAmRk9XBiH6km13lvoViIkdmCY+LvGXq+Q="},"indexInfo":{"baseKey":"BbJq5IjCaXKk0wMeLvqQRHnzVSGt33ZHOIMYFOtbRqYD","baseKeyType":1,"closed":1686139572496,"used":1686138801680,"created":1686138801680,"remoteIdentityKey":"BdjYpumQouRCU09H8kOx0ypivQ2vzTJKdlCJVd8Iawsy"},"_chains":{"BTQesM+wsC995FKCDPeqdV92XjTyMwI4sQJ0CwQYk9Fy":{"chainKey":{"counter":74,"key":"4hNXFYCUK3H6RxPwoPeTO1V8a+iqqR7BrZSGQTJ++Sw="},"chainType":1,"messageKeys":{}}},"pendingPreKey":{"signedKeyId":0,"baseKey":"BbJq5IjCaXKk0wMeLvqQRHnzVSGt33ZHOIMYFOtbRqYD","preKeyId":3253872}},"BZX5w/6O22b8hNXcKEYeejgEDZgE91I46+ncFfGpsSEF":{"registrationId":2140318456,"currentRatchet":{"ephemeralKeyPair":{"pubKey":"BQMkyycMvAmWc8c48kf1X5YtM7Z7P55iQ22h54E/76lC","privKey":"SAsgk1KLSBPzcGz/BFTXmObjevCQjZLRKyKjEn+3jWE="},"lastRemoteEphemeralKey":"BSq5d3mA5JKed7idq3o4fvOlbtjt3pUDEUoYM1Uqi3Y/","previousCounter":0,"rootKey":"Qecf5oDPrpUGuZ9lJe6SihN0Fdcy0gmxUD5ccjIa5sw="},"indexInfo":{"baseKey":"BZX5w/6O22b8hNXcKEYeejgEDZgE91I46+ncFfGpsSEF","baseKeyType":1,"closed":-1,"used":1686139572466,"created":1686139572466,"remoteIdentityKey":"BdjYpumQouRCU09H8kOx0ypivQ2vzTJKdlCJVd8Iawsy"},"_chains":{"BQMkyycMvAmWc8c48kf1X5YtM7Z7P55iQ22h54E/76lC":{"chainKey":{"counter":188,"key":"9ORM3gCNMPZaZ3C60rYaBwtwgrYoT+UqKxhJ+CBUP/E="},"chainType":1,"messageKeys":{}}},"pendingPreKey":{"signedKeyId":0,"baseKey":"BZX5w/6O22b8hNXcKEYeejgEDZgE91I46+ncFfGpsSEF","preKeyId":3254048}}},"version":"v1"}