{"_sessions":{"BZHeO+ZfeJU5dCVlp99aapXlJPuksVFhfHiTrK5YCFdJ":{"registrationId":352220871,"currentRatchet":{"ephemeralKeyPair":{"pubKey":"BQF58DnsoW0N5n3sgqdpGviYAQxnpzaFv7DoNrfEpxJQ","privKey":"uFISpE6Uy/oUZvkw9aBe37NltwMY6kfYZc5wpH47FH8="},"lastRemoteEphemeralKey":"BYvFe62laQ/i7aUUTP890dSLAD9VD/Kjgd/BMiuq2KEj","previousCounter":0,"rootKey":"EVOp7fjDtKOc9pslGgK9+hxGkg89PRcO+FdtFhQZMk0="},"indexInfo":{"baseKey":"BZHeO+ZfeJU5dCVlp99aapXlJPuksVFhfHiTrK5YCFdJ","baseKeyType":1,"closed":-1,"used":1686138802686,"created":1686138802686,"remoteIdentityKey":"BV2xguCqgv3/lmqDv4f1MG4XcgfAISA8/BlfuQScdklS"},"_chains":{"BQF58DnsoW0N5n3sgqdpGviYAQxnpzaFv7DoNrfEpxJQ":{"chainKey":{"counter":263,"key":"/Rula0AwgxId9t0l9gYY5A8sqrttenVWSYo5yk/qmwg="},"chainType":1,"messageKeys":{}}},"pendingPreKey":{"signedKeyId":0,"baseKey":"BZHeO+ZfeJU5dCVlp99aapXlJPuksVFhfHiTrK5YCFdJ","preKeyId":1808833}}},"version":"v1"}