{"_sessions":{"BR5Tw4Sz4mSSGqUbOWQB1ALeQ7u/9xVJ/NqZe96kuFcq":{"registrationId":1037231337,"currentRatchet":{"ephemeralKeyPair":{"pubKey":"BYmwQqBBcUBaDHJJJrhgNctYRTFgxfMGqa9PvzzTW2ot","privKey":"8NS/s3Z6Ohzyg4+M4wyM6rh5GPbsfVBCpoyAc6/opEo="},"lastRemoteEphemeralKey":"Bfad25OFNfZeL0L/izDHoAs2LoZoXA0Ff/njRcYE4+5x","previousCounter":0,"rootKey":"8Plzpr0hQofJeAKfOy1vc2aAhE+XbPdrfUQVSAcQ7Vs="},"indexInfo":{"baseKey":"BR5Tw4Sz4mSSGqUbOWQB1ALeQ7u/9xVJ/NqZe96kuFcq","baseKeyType":1,"closed":-1,"used":1686138797393,"created":1686138797393,"remoteIdentityKey":"BQdIsGuYvN/Gy7LNbOWQRKOeej7eCTcLStUBMl0a6bUy"},"_chains":{"BYmwQqBBcUBaDHJJJrhgNctYRTFgxfMGqa9PvzzTW2ot":{"chainKey":{"counter":263,"key":"u1nQZ0uATNBA7TIXjU3a3FPSHcINbl4+9hOO4LC2qu8="},"chainType":1,"messageKeys":{}}},"pendingPreKey":{"signedKeyId":0,"baseKey":"BR5Tw4Sz4mSSGqUbOWQB1ALeQ7u/9xVJ/NqZe96kuFcq","preKeyId":10003090}}},"version":"v1"}