{"_sessions":{"BZY6SbNCSOBqVTcBxTtsAuNcOVwDTn6ta3ap/jjwpaQa":{"registrationId":1133669716,"currentRatchet":{"ephemeralKeyPair":{"pubKey":"BcYl4ZHBJD7qEQuUrmBOXt1Jbqz3MEnyZI2npxE6p80y","privKey":"wMkbAAcWoPoNnKokwEstbGOS09Zbk3/2HZsPjjuokXU="},"lastRemoteEphemeralKey":"BR2flxRSb5lg/4sE/C8MtEyJU7Nyuneo0PZfhCR4+kt1","previousCounter":0,"rootKey":"C8EuWHeixCzaZT266hk8NOiIDUOco8HdSl+9pLZ3Crw="},"indexInfo":{"baseKey":"BZY6SbNCSOBqVTcBxTtsAuNcOVwDTn6ta3ap/jjwpaQa","baseKeyType":1,"closed":1686139376410,"used":1686138800371,"created":1686138800371,"remoteIdentityKey":"BZumDXNI4imdxaz6BC2Q76IWQOL68/8+9ZcJegQJ8wkt"},"_chains":{"BcYl4ZHBJD7qEQuUrmBOXt1Jbqz3MEnyZI2npxE6p80y":{"chainKey":{"counter":55,"key":"H2+E2GRsTHk8PjrZJh6tjr7e61ijZOO/+mWiw++QQh8="},"chainType":1,"messageKeys":{}}},"pendingPreKey":{"signedKeyId":3,"baseKey":"BZY6SbNCSOBqVTcBxTtsAuNcOVwDTn6ta3ap/jjwpaQa","preKeyId":8331516}},"BRse7qtl9z3cul+7JUpMu9w0rD+es5NnGPtRxUBXJLw5":{"registrationId":1133669716,"currentRatchet":{"ephemeralKeyPair":{"pubKey":"BSt1Za3RZ6G0L7pPZcyUTW/1UQJlyc6NUtKAKxCNc2gi","privKey":"wAaQ4u+dsdF8DhUN1hwxzKCldHJE0m+Vmvw0f2QsInw="},"lastRemoteEphemeralKey":"BR2flxRSb5lg/4sE/C8MtEyJU7Nyuneo0PZfhCR4+kt1","previousCounter":0,"rootKey":"PXVjvSy+vQx9tSMoFUxgg8nXE8rs6CPi1as0+3vrk4o="},"indexInfo":{"baseKey":"BRse7qtl9z3cul+7JUpMu9w0rD+es5NnGPtRxUBXJLw5","baseKeyType":1,"closed":-1,"used":1686139376391,"created":1686139376391,"remoteIdentityKey":"BZumDXNI4imdxaz6BC2Q76IWQOL68/8+9ZcJegQJ8wkt"},"_chains":{"BSt1Za3RZ6G0L7pPZcyUTW/1UQJlyc6NUtKAKxCNc2gi":{"chainKey":{"counter":207,"key":"KOwbqtQboTsFcOXGaXdw7WUhhypQPxzVaDWOddedD2M="},"chainType":1,"messageKeys":{}}},"pendingPreKey":{"signedKeyId":3,"baseKey":"BRse7qtl9z3cul+7JUpMu9w0rD+es5NnGPtRxUBXJLw5","preKeyId":8331610}}},"version":"v1"}