{"_sessions":{"BWXp6z11My7fHYbWO0ga453YTqg9DV6/mxdSp5sngkVL":{"registrationId":1242320886,"currentRatchet":{"ephemeralKeyPair":{"pubKey":"BZS2/SvQQ1uej3jeza/jkmNFbP2SC+X4gnuknJ5OED9X","privKey":"4I67ZYhkgUWlfRgKqY/2nJl0gBgi0SwPMhIhEXxjRV0="},"lastRemoteEphemeralKey":"BbknptYG56SplQTkk1Da8sHhfG/DdDW3+t38q35pU7lq","previousCounter":0,"rootKey":"BRAoXj2SnAGQ2yqeII1xhzfoWEnVUx7uVxyyw9q8nZM="},"indexInfo":{"baseKey":"BWXp6z11My7fHYbWO0ga453YTqg9DV6/mxdSp5sngkVL","baseKeyType":1,"closed":1686139091803,"used":1686138799771,"created":1686138799771,"remoteIdentityKey":"BUkE/1uirlQQvx6CBBEvZuUwcMHIMWPuGIP4WgW0MpgN"},"_chains":{"BZS2/SvQQ1uej3jeza/jkmNFbP2SC+X4gnuknJ5OED9X":{"chainKey":{"counter":3,"key":"w5iScoAiEBeJ8nCpvlo2wFsr+pc8+0FpPy7rVdSxvGo="},"chainType":1,"messageKeys":{}}},"pendingPreKey":{"signedKeyId":0,"baseKey":"BWXp6z11My7fHYbWO0ga453YTqg9DV6/mxdSp5sngkVL","preKeyId":263840}},"BSmq0AC4JEgIk+FlLvbYsYOFwmGqJmJylvRhtn45XXdh":{"registrationId":1242320886,"currentRatchet":{"ephemeralKeyPair":{"pubKey":"BZmMCcw6ahYWImEALj8IHzLuJe0AtDLkvIkRF1ipp3VC","privKey":"kJWhi92EUK2ugDmd8gVSVtOz5Ujab5rzukV37jCXumc="},"lastRemoteEphemeralKey":"BbknptYG56SplQTkk1Da8sHhfG/DdDW3+t38q35pU7lq","previousCounter":0,"rootKey":"yjJYeNeQe76Gidok4nH/0giFrQ9nbjgrRMqA9DxMwF0="},"indexInfo":{"baseKey":"BSmq0AC4JEgIk+FlLvbYsYOFwmGqJmJylvRhtn45XXdh","baseKeyType":1,"closed":-1,"used":1686139091762,"created":1686139091762,"remoteIdentityKey":"BUkE/1uirlQQvx6CBBEvZuUwcMHIMWPuGIP4WgW0MpgN"},"_chains":{"BZmMCcw6ahYWImEALj8IHzLuJe0AtDLkvIkRF1ipp3VC":{"chainKey":{"counter":259,"key":"B3C5isN5XpPZWNW+2NKtV9FRSjyQuO8JqfAW0AsiI54="},"chainType":1,"messageKeys":{}}},"pendingPreKey":{"signedKeyId":0,"baseKey":"BSmq0AC4JEgIk+FlLvbYsYOFwmGqJmJylvRhtn45XXdh","preKeyId":263824}}},"version":"v1"}