{"_sessions":{"BfO8J6Hf+j5JkjCPwipe4EMpA17cN/Q7rBi844m12Cdo":{"registrationId":1141066966,"currentRatchet":{"ephemeralKeyPair":{"pubKey":"BVEcp0D10RYex5WigGygyPIgfBJNQU6R7wXzlQ49F5hw","privKey":"cB92LAB3tri2Ba1I1ZVxfLdy033xYhjAvbwcIWMJLmw="},"lastRemoteEphemeralKey":"BYFHs+uw/U8qRLOOiw08c05b26SZqqJiBegCmbsJGIVs","previousCounter":0,"rootKey":"H3yjmLr7MVL0AYybi1QkFrZrTYJR/YBzaXTmt5Yt56s="},"indexInfo":{"baseKey":"BfO8J6Hf+j5JkjCPwipe4EMpA17cN/Q7rBi844m12Cdo","baseKeyType":1,"closed":1686140050403,"used":1686138799707,"created":1686138799707,"remoteIdentityKey":"Bec9m9vIkJcX3Y6f+4/kDMmeWxAJ9BVCg4pNFVSA2OdP"},"_chains":{"BVEcp0D10RYex5WigGygyPIgfBJNQU6R7wXzlQ49F5hw":{"chainKey":{"counter":110,"key":"qBKeHzxvWwP9BE7i0ppUpUOKmM+hsekvRyWM2gGPIsE="},"chainType":1,"messageKeys":{}}},"pendingPreKey":{"signedKeyId":1,"baseKey":"BfO8J6Hf+j5JkjCPwipe4EMpA17cN/Q7rBi844m12Cdo","preKeyId":2018205}},"Bf8wEGHKys875VhpVy8zHPxYafDwJZc6AOaI8NMveGd7":{"registrationId":1141066966,"currentRatchet":{"ephemeralKeyPair":{"pubKey":"BaoYluifdLvUFzgq8wRRrhp370igtxFLkI60c9PRcbAJ","privKey":"+DUmGi0IepsgFAEftDLpMlrmyQXfap+yp7XWmW9wZWQ="},"lastRemoteEphemeralKey":"BYFHs+uw/U8qRLOOiw08c05b26SZqqJiBegCmbsJGIVs","previousCounter":0,"rootKey":"nJnBU7qjQszD54zjIbencCWoAhh8qOvgz3ckeF/3DzQ="},"indexInfo":{"baseKey":"Bf8wEGHKys875VhpVy8zHPxYafDwJZc6AOaI8NMveGd7","baseKeyType":1,"closed":-1,"used":1686140050391,"created":1686140050391,"remoteIdentityKey":"Bec9m9vIkJcX3Y6f+4/kDMmeWxAJ9BVCg4pNFVSA2OdP"},"_chains":{"BaoYluifdLvUFzgq8wRRrhp370igtxFLkI60c9PRcbAJ":{"chainKey":{"counter":152,"key":"zwbCgAr/PJLhIREOw3qBpqyNn4L2HuvyfK4JzZRZ9MQ="},"chainType":1,"messageKeys":{}}},"pendingPreKey":{"signedKeyId":1,"baseKey":"Bf8wEGHKys875VhpVy8zHPxYafDwJZc6AOaI8NMveGd7","preKeyId":2018351}}},"version":"v1"}