{"_sessions":{"BaYR8SqqISM0+2jvxbdyCCb/yAhfXR9HcFRCkGRHmPNm":{"registrationId":879325416,"currentRatchet":{"ephemeralKeyPair":{"pubKey":"BWMudd6SIb9+TBGNU8XRHCgPK1u6hGvESzSvmKSVCWkv","privKey":"8P6g1MhQvm7fGvgTOkp0itrI2ro2d5NArQWGVTNUOGQ="},"lastRemoteEphemeralKey":"BXHS8Of9oAYD3qlpRG5UkFLgbj1gpiNKbzduO9bsQ4MJ","previousCounter":0,"rootKey":"Rnyzxjoa+iGIZXnHf1nufQ2vARLC80r0xrELJeHoAQ4="},"indexInfo":{"baseKey":"BaYR8SqqISM0+2jvxbdyCCb/yAhfXR9HcFRCkGRHmPNm","baseKeyType":1,"closed":1686139278005,"used":1686138802711,"created":1686138802711,"remoteIdentityKey":"BdXVr5CKjMcli7tAZg7IbCdS0dWHy3XUi+vm2qcx2Dk/"},"_chains":{"BWMudd6SIb9+TBGNU8XRHCgPK1u6hGvESzSvmKSVCWkv":{"chainKey":{"counter":28,"key":"AG/GpCA2F6DHVaDRZ0iOGCOvgO1jcXeEG+Z2Jf84mHg="},"chainType":1,"messageKeys":{}}},"pendingPreKey":{"signedKeyId":1,"baseKey":"BaYR8SqqISM0+2jvxbdyCCb/yAhfXR9HcFRCkGRHmPNm","preKeyId":7496666}},"BXTSTKfqczI7nSj4ja/qEzQMLHM0PyfQ+SWUAbz9s4hM":{"registrationId":879325416,"currentRatchet":{"ephemeralKeyPair":{"pubKey":"Bcv6ARFCjY4E35eKeJ5SL6H8/mMXkQ9f+aNHRiQ2X0c7","privKey":"kILDz1maPQAU0Fy57hZW3hbGUScJGVpyCRfKmAHXA0I="},"lastRemoteEphemeralKey":"BXHS8Of9oAYD3qlpRG5UkFLgbj1gpiNKbzduO9bsQ4MJ","previousCounter":0,"rootKey":"KknVQ8om54GGpqm9/dqCA00nRwvFy01ick3TLMk3l8Y="},"indexInfo":{"baseKey":"BXTSTKfqczI7nSj4ja/qEzQMLHM0PyfQ+SWUAbz9s4hM","baseKeyType":1,"closed":-1,"used":1686139277955,"created":1686139277955,"remoteIdentityKey":"BdXVr5CKjMcli7tAZg7IbCdS0dWHy3XUi+vm2qcx2Dk/"},"_chains":{"Bcv6ARFCjY4E35eKeJ5SL6H8/mMXkQ9f+aNHRiQ2X0c7":{"chainKey":{"counter":234,"key":"mXjoc+ZnmP7ilphVQ4FNB8eIN+sWLuPeX+Fjl2xZS/g="},"chainType":1,"messageKeys":{}}},"pendingPreKey":{"signedKeyId":1,"baseKey":"BXTSTKfqczI7nSj4ja/qEzQMLHM0PyfQ+SWUAbz9s4hM","preKeyId":7496820}}},"version":"v1"}