{"_sessions":{"BWARxk/DnBJvw88TgdPgdbxgoakCFt9K5Fi6Dk1KcvJb":{"registrationId":1491163991,"currentRatchet":{"ephemeralKeyPair":{"pubKey":"BT59i1jUmKs2No3wTMNWxx9qRTPnYG7U7aeTMmC6/EZG","privKey":"sA9fJa+QIzvJof+dQTZttpuG372MuPWL3FwmsPFzcFU="},"lastRemoteEphemeralKey":"BT9+5sINmwgM/iJOppjWyUenLQL1Jt8o5+sCDNSi7K1g","previousCounter":0,"rootKey":"A0CqHaxtUtVMtNEwq8lguaTtPqDRaOLbrmEYH14vXHs="},"indexInfo":{"baseKey":"BWARxk/DnBJvw88TgdPgdbxgoakCFt9K5Fi6Dk1KcvJb","baseKeyType":1,"closed":1686139357373,"used":1686138797863,"created":1686138797863,"remoteIdentityKey":"BeaomtsGS4tTPGub/tAxtNRzdFg7LmPIPWg+9fOqjWcn"},"_chains":{"BT59i1jUmKs2No3wTMNWxx9qRTPnYG7U7aeTMmC6/EZG":{"chainKey":{"counter":49,"key":"GJpT0aekw0fl/1i5avTFyrGCMsa1JKZhezdpvhjGHJc="},"chainType":1,"messageKeys":{}}},"pendingPreKey":{"signedKeyId":0,"baseKey":"BWARxk/DnBJvw88TgdPgdbxgoakCFt9K5Fi6Dk1KcvJb","preKeyId":2310564}},"BQAhKX3D2uXYe0ISKGhfTIQ7VgPZcOTJwbZjV65aX3MW":{"registrationId":1491163991,"currentRatchet":{"ephemeralKeyPair":{"pubKey":"BbQ4fRsxxEqMU7IE36FY/NrSlNLcr26hM9FV9Z6L7b9L","privKey":"kDged7ycRUttHYJR5QiMWpTDEsQf+4PV/wq6haVLe10="},"lastRemoteEphemeralKey":"BT9+5sINmwgM/iJOppjWyUenLQL1Jt8o5+sCDNSi7K1g","previousCounter":0,"rootKey":"nhPxoTjjbbuh9ir7OE61ZiVEF4wLKnXvXk78BMBe7ZA="},"indexInfo":{"baseKey":"BQAhKX3D2uXYe0ISKGhfTIQ7VgPZcOTJwbZjV65aX3MW","baseKeyType":1,"closed":-1,"used":1686139357353,"created":1686139357353,"remoteIdentityKey":"BeaomtsGS4tTPGub/tAxtNRzdFg7LmPIPWg+9fOqjWcn"},"_chains":{"BbQ4fRsxxEqMU7IE36FY/NrSlNLcr26hM9FV9Z6L7b9L":{"chainKey":{"counter":213,"key":"xFb3/XNYPhPSH0IDG7QkhsAe+I/qvrQkXKruEc7fjpw="},"chainType":1,"messageKeys":{}}},"pendingPreKey":{"signedKeyId":0,"baseKey":"BQAhKX3D2uXYe0ISKGhfTIQ7VgPZcOTJwbZjV65aX3MW","preKeyId":2310576}}},"version":"v1"}