{"_sessions":{"BbUsQUbiXLxd00ELwush7IBS2X/f41Q1vPBognB5sgZY":{"registrationId":353125073,"currentRatchet":{"ephemeralKeyPair":{"pubKey":"BQ1wekzrKl/L8xN3ez2nxAnsx0TEtBDnJRHBJE/oLxEn","privKey":"6Dee/KzBxyTWbj8lqsTxWZLEUFEnHjdr1Mm5wTG+qUM="},"lastRemoteEphemeralKey":"BbITW0UBUJWujrQHmGPd7Ctq2f5F3HDIWRRKP65xX/AE","previousCounter":0,"rootKey":"BMC/EeA1J0Nz8bHw+FnddwWZRx5VR8D9RF4HtrcIOS8="},"indexInfo":{"baseKey":"BbUsQUbiXLxd00ELwush7IBS2X/f41Q1vPBognB5sgZY","baseKeyType":1,"closed":-1,"used":1686138796159,"created":1686138796159,"remoteIdentityKey":"BW64FTcSA92cZqWYt53gw+jeGhU/VXyq5HcviO+T2FwF"},"_chains":{"BQ1wekzrKl/L8xN3ez2nxAnsx0TEtBDnJRHBJE/oLxEn":{"chainKey":{"counter":263,"key":"NFjHx48UnmMPHBToVa7E4xxHbtnDxnfgdm+QdzbZjuo="},"chainType":1,"messageKeys":{}}},"pendingPreKey":{"signedKeyId":0,"baseKey":"BbUsQUbiXLxd00ELwush7IBS2X/f41Q1vPBognB5sgZY","preKeyId":7098707}}},"version":"v1"}