{"_sessions":{"BQgypXPeoZzbUC4o8jv7A9nlbvCnsr2ipBYVKWbUP+5z":{"registrationId":233,"currentRatchet":{"ephemeralKeyPair":{"pubKey":"BbJMKmRPIwuQnOz8fhts55IwBbAPC+9YXkqee3pt39Zt","privKey":"qDHldEiPg2rDfX4mpsruYLXdG3gcumOJkAECa80kjV8="},"lastRemoteEphemeralKey":"BVqIozTqeA7Ind6TwjL8s/vc2AVavvqk1a0gWMD94gA6","previousCounter":0,"rootKey":"GRkqebS4JmoaZmUdUajfiLQqGoVmuOyujWHFXc4q+kI="},"indexInfo":{"baseKey":"BQgypXPeoZzbUC4o8jv7A9nlbvCnsr2ipBYVKWbUP+5z","baseKeyType":1,"closed":-1,"used":1686138795777,"created":1686138795777,"remoteIdentityKey":"BU0g2WQe9v5hz1xhFMlNAYxnLQ/Bx941y+l6dGoT6mED"},"_chains":{"BbJMKmRPIwuQnOz8fhts55IwBbAPC+9YXkqee3pt39Zt":{"chainKey":{"counter":263,"key":"MpRbNBI9048lXgjpGR0glERva+ahw08YPgwqjEJKR1M="},"chainType":1,"messageKeys":{}}},"pendingPreKey":{"signedKeyId":1,"baseKey":"BQgypXPeoZzbUC4o8jv7A9nlbvCnsr2ipBYVKWbUP+5z"}}},"version":"v1"}