{"_sessions":{"BStnjVDbr/pBwjUo9F8M5k3PldvfaLvL77BWhnMnWx9I":{"registrationId":1344262756,"currentRatchet":{"ephemeralKeyPair":{"pubKey":"BbYJ3B/ofZDXw3sNoZjiOLV0mTwRG0y+tCVm+KSeFPQS","privKey":"6KdrTD4GZLe3T89gKRB1wjlKjv8OLCDrXpw08VKFens="},"lastRemoteEphemeralKey":"BctVqKiuKuxOF8uOwmtgpp+AomqnpFu+g2/m+leyo+kL","previousCounter":0,"rootKey":"ykWB6XM1f354A4gUcu4MvgZybQjdIAoI2sX+eRz7pV0="},"indexInfo":{"baseKey":"BStnjVDbr/pBwjUo9F8M5k3PldvfaLvL77BWhnMnWx9I","baseKeyType":1,"closed":1686139222602,"used":1686138800060,"created":1686138800060,"remoteIdentityKey":"Be/gdI36jBGVOrk4x/WRsO1vdDdqD0A4hceuqJWPKb8M"},"_chains":{"BbYJ3B/ofZDXw3sNoZjiOLV0mTwRG0y+tCVm+KSeFPQS":{"chainKey":{"counter":19,"key":"uJMKKMons8EpXFebV97Id+MVJgDzKTdPkuUbLyu6cfo="},"chainType":1,"messageKeys":{}}},"pendingPreKey":{"signedKeyId":1,"baseKey":"BStnjVDbr/pBwjUo9F8M5k3PldvfaLvL77BWhnMnWx9I","preKeyId":9188617}},"BTlVHtS4z7tF8ITz2kPoPkh/rDkhcDeLjVIPE3cIGb1K":{"registrationId":1344262756,"currentRatchet":{"ephemeralKeyPair":{"pubKey":"BSMSYAZI/iAAAlHpBe84hDYGrC5eSvPSa0JkxBO0F7Qg","privKey":"OOKQnc299zlahMF5IHRgDjXHxtTA2+hYd0CkQ3UeF3Q="},"lastRemoteEphemeralKey":"BctVqKiuKuxOF8uOwmtgpp+AomqnpFu+g2/m+leyo+kL","previousCounter":0,"rootKey":"Wicl2DMzYbfYr8eoZDeEPgRvmgOtcvVM2JtoEvXDjIU="},"indexInfo":{"baseKey":"BTlVHtS4z7tF8ITz2kPoPkh/rDkhcDeLjVIPE3cIGb1K","baseKeyType":1,"closed":-1,"used":1686139222575,"created":1686139222575,"remoteIdentityKey":"Be/gdI36jBGVOrk4x/WRsO1vdDdqD0A4hceuqJWPKb8M"},"_chains":{"BSMSYAZI/iAAAlHpBe84hDYGrC5eSvPSa0JkxBO0F7Qg":{"chainKey":{"counter":243,"key":"uDFeNscqACs+JhxycFGfvhCzkQHDn2MT5IBqBum6Cbk="},"chainType":1,"messageKeys":{}}},"pendingPreKey":{"signedKeyId":1,"baseKey":"BTlVHtS4z7tF8ITz2kPoPkh/rDkhcDeLjVIPE3cIGb1K","preKeyId":9188612}}},"version":"v1"}