{"_sessions":{"BU3wInPZA1YYXKVepSHL5PpDXS6c9guiLICHffngazZf":{"registrationId":786240233,"currentRatchet":{"ephemeralKeyPair":{"pubKey":"BRuot4HKytd5yS+xpv6urPU1LEMLCNh748Kk1SA4iI4b","privKey":"sGE5mLHTJGocee2T53XpPWSmPWzcoih6zhedcUrojkI="},"lastRemoteEphemeralKey":"BY4BYUUaPNCq6Y5e5NQ0MP30TtsmxxjJP7rc6xH02Q0T","previousCounter":66,"rootKey":"7E6RcDDe0toXEXdnH2K439WqkDawDJWKYnp3dXC9Ohc="},"indexInfo":{"baseKey":"BU3wInPZA1YYXKVepSHL5PpDXS6c9guiLICHffngazZf","baseKeyType":1,"closed":-1,"used":1686139670603,"created":1686138798859,"remoteIdentityKey":"Bc2Iw7mGBEXSfsLNQFzQ2bsKTa9oggC6Yvc4XcTdtf44"},"_chains":{"BY4BYUUaPNCq6Y5e5NQ0MP30TtsmxxjJP7rc6xH02Q0T":{"chainKey":{"counter":0,"key":"xt9ylp80Eay/osDS+cTQ3y6YopI0kJQkeDOeJRgVcP0="},"chainType":2,"messageKeys":{}},"BRuot4HKytd5yS+xpv6urPU1LEMLCNh748Kk1SA4iI4b":{"chainKey":{"counter":181,"key":"/YsYWBTQlB90CCBBQTqGSwGybRrN+XKb+x9mXu5Ax3U="},"chainType":1,"messageKeys":{}}}},"BTh+VnoXGxEN0pXc1Oi09AQYUFfgwpo5dCjK8gDPM3wf":{"registrationId":786240233,"currentRatchet":{"ephemeralKeyPair":{"pubKey":"BSU1D1xrcc5LnY7m4CWOnDnL0XVEvoJVVkmN0RovfxZi","privKey":"sBVO1osZK99EE3Ba3FVf70RJsTkrN+kpGBKpCzM281U="},"lastRemoteEphemeralKey":"BY4BYUUaPNCq6Y5e5NQ0MP30TtsmxxjJP7rc6xH02Q0T","previousCounter":14,"rootKey":"E6jOc2dhfiT1VDPfqfAQ76lYj2jqsbwSi5uEYeBBj0Y="},"indexInfo":{"baseKey":"BTh+VnoXGxEN0pXc1Oi09AQYUFfgwpo5dCjK8gDPM3wf","baseKeyType":1,"closed":1686139670811,"used":1686139493194,"created":1686139493194,"remoteIdentityKey":"Bc2Iw7mGBEXSfsLNQFzQ2bsKTa9oggC6Yvc4XcTdtf44"},"_chains":{"BY4BYUUaPNCq6Y5e5NQ0MP30TtsmxxjJP7rc6xH02Q0T":{"chainKey":{"counter":0,"key":"3ZpEXI+O/qG0k6ettQnvbhoOtQeugeIVZB1mm4+zYOc="},"chainType":2,"messageKeys":{}},"BSU1D1xrcc5LnY7m4CWOnDnL0XVEvoJVVkmN0RovfxZi":{"chainKey":{"counter":-1,"key":"teeppEF6hDnaxWXNJJBXUzPpt1LDJlJCykpu4Bgj9UY="},"chainType":1,"messageKeys":{}}},"pendingPreKey":{"signedKeyId":0,"baseKey":"BTh+VnoXGxEN0pXc1Oi09AQYUFfgwpo5dCjK8gDPM3wf","preKeyId":6318156}}},"version":"v1"}