{"_sessions":{"BaEmLLUci9B0FH+aS+gpn0jSRzhx5ouAWT+Apy21KEI0":{"registrationId":1577061221,"currentRatchet":{"ephemeralKeyPair":{"pubKey":"BaTxRXMObc/lTLenHkS3yR4OMIQNoU5MJxhxWxLpJNJu","privKey":"6P5xJ8DAAXegoKhV7YBC80oQgMLjGVcNMIrpIA8wZmo="},"lastRemoteEphemeralKey":"BYPC59wsjryxl89EoZgUad/JsoKvLBwpKznuvRB/B8ks","previousCounter":0,"rootKey":"3prUCTJkypxK8OHCvv7CoyTaB33O1cUp1qvZpnotUAE="},"indexInfo":{"baseKey":"BaEmLLUci9B0FH+aS+gpn0jSRzhx5ouAWT+Apy21KEI0","baseKeyType":1,"closed":-1,"used":1686138801477,"created":1686138801477,"remoteIdentityKey":"BWGmkEZSzhXj8ctQxTiZgTYqBaKNq4hJtbQSllMiY4xP"},"_chains":{"BaTxRXMObc/lTLenHkS3yR4OMIQNoU5MJxhxWxLpJNJu":{"chainKey":{"counter":263,"key":"nG3Pwu5gvbTuvKMH8/q2CkMCRS2en/NexyzmZ3+26X4="},"chainType":1,"messageKeys":{}}},"pendingPreKey":{"signedKeyId":3,"baseKey":"BaEmLLUci9B0FH+aS+gpn0jSRzhx5ouAWT+Apy21KEI0","preKeyId":2867843}}},"version":"v1"}