{"_sessions":{"BRsMjZI8bFHTBM9tx+dLBC0AAysfFjK5JK2XnwxoIv9b":{"registrationId":73,"currentRatchet":{"ephemeralKeyPair":{"pubKey":"BREuBeWcOm+3NCYQptU4/covLg0qYPH5BgDO/BNFSCRD","privKey":"OM14EzNrslX06a/fV8/i4xt3UQIVP+nhIk1P8r9JuEc="},"lastRemoteEphemeralKey":"BSDf5atT9ZPVzjQZnA9HPqRJ68B6woorqzHftICRS0MF","previousCounter":0,"rootKey":"2o2umxzBgCICfcQLpxAP/DNtNMrU0oLLaZnatI4Bpq4="},"indexInfo":{"baseKey":"BRsMjZI8bFHTBM9tx+dLBC0AAysfFjK5JK2XnwxoIv9b","baseKeyType":1,"closed":-1,"used":1686138796504,"created":1686138796504,"remoteIdentityKey":"BSB1XD+21sUJ6Wvn+ZotUx4C13dHkAtssiWv+iCm1mxB"},"_chains":{"BREuBeWcOm+3NCYQptU4/covLg0qYPH5BgDO/BNFSCRD":{"chainKey":{"counter":263,"key":"d+nFznpEkUgwhnGW1iXpLLcRNOSVItPO86Qdmo0pWAg="},"chainType":1,"messageKeys":{}}},"pendingPreKey":{"signedKeyId":1,"baseKey":"BRsMjZI8bFHTBM9tx+dLBC0AAysfFjK5JK2XnwxoIv9b"}}},"version":"v1"}