{"_sessions":{"BbT9H/Ron+JCVKMY2YC5HCp0uayZvvTATDI2W7lM3LUX":{"registrationId":1251722568,"currentRatchet":{"ephemeralKeyPair":{"pubKey":"BZbbse8tAoqwUjuKvGRbp2UcoZJuf0N4zHPU0TfYdFZu","privKey":"UEQbAeLBLrIw6cSLp42cfXMm+sgMAEOowyk9atij6n4="},"lastRemoteEphemeralKey":"BY9d6TKkgLrcHrL3MtvHu/Kma4QKODsRcz4KQlUQ1MN0","previousCounter":0,"rootKey":"iQ+KkREr1LgMnQCyH+nmQoiBw7Yo2IiqeImKZgPKcxQ="},"indexInfo":{"baseKey":"BbT9H/Ron+JCVKMY2YC5HCp0uayZvvTATDI2W7lM3LUX","baseKeyType":1,"closed":-1,"used":1686138796974,"created":1686138796974,"remoteIdentityKey":"BcL1DL1L/RuEP2ps2I/lMJ1teYkISE4wQjGU1oki7sZn"},"_chains":{"BZbbse8tAoqwUjuKvGRbp2UcoZJuf0N4zHPU0TfYdFZu":{"chainKey":{"counter":263,"key":"BLqLZ6SJ3FGZND7B6JMm13OMqbyDSMav95HPLM2RT3o="},"chainType":1,"messageKeys":{}}},"pendingPreKey":{"signedKeyId":44,"baseKey":"BbT9H/Ron+JCVKMY2YC5HCp0uayZvvTATDI2W7lM3LUX","preKeyId":16457227}}},"version":"v1"}